File,Iteration,Max_columns,Duration_w_all_Columns,Duration_w_max_columns,Num_op_w_all_columns,Num_op_w_max_columns
6,2,11,1.241232000211312,1.4905520001775585,0,0
6,17,11,0.6009360004100017,0.6758769995940384,0,0
6,32,11,0.5911680000281194,0.5430340006569168,0,0
6,33,11,0.731492999875627,0.6852440001239302,0,0
6,34,11,0.7190170008470886,0.8280679994641105,0,0
6,37,11,0.6443379998017917,0.55897400034155,0,0
6,38,11,0.7499749999624328,0.6830049997006427,0,0
6,43,11,0.7403650006381213,0.6590540006072843,0,0
6,45,11,0.6261080006879638,0.569099999665923,0,0
6,48,11,0.6495170000562211,0.5762720002167043,0,0
6,51,11,0.5821849999847473,0.5979799998385715,0,0
6,61,11,0.6261549997361726,0.5136670006322674,0,0
6,63,11,0.5984050003462471,0.5632120000882423,0,0
6,69,11,0.62423100007436,0.5818930003442802,0,0
6,70,11,0.6336020005619503,0.5316950000633369,0,0
6,72,11,0.590087999626121,0.5660409997290117,0,0
6,82,11,0.5795560000478872,0.5384690002756543,0,0
6,85,11,0.7388060002995189,0.6648720000157482,0,0
6,88,11,0.7518809998146025,0.6963620007809368,0,0
6,92,11,0.5737399997087778,1.4759539999431581,0,0
6,94,11,0.6339409992506262,0.4983789995094412,0,0
6,96,11,0.6381060002240702,0.566808000257879,0,0
6,98,11,0.5573440002990537,0.5269470002531307,0,0
6,99,11,0.5594129997916752,0.5266210000627325,0,0
6,101,11,0.5550900004891446,0.5230220003795694,0,0
6,103,11,0.5456079998111818,0.5179720001251553,0,0
6,105,11,0.5491790006999508,0.550574999579112,0,0
6,106,11,0.5679010000676499,0.5234059999565943,0,0
6,107,11,0.5796630002805614,0.5436289993667742,0,0
6,108,11,0.5793990003439831,0.520939999660186,0,0
6,112,11,0.5850229999850853,0.6528190006065415,0,0
6,113,11,0.5693250004696893,0.5155879998710589,0,0
6,117,11,0.6401040000127978,0.5294780003168853,0,0
6,121,11,0.5598090001512901,0.5381720002333168,0,0
6,122,11,0.5948190000708564,0.6115369997132802,0,0
6,123,11,0.8231570000134525,0.7287539992830716,0,0
6,124,11,0.6819919999543345,0.542910000149277,0,0
6,125,11,1.0137230001419084,0.9367189995828085,0,0
6,129,11,0.7145800000216695,0.503248999848438,0,0
6,131,11,0.6278310002016951,0.5105549998916104,0,0
6,133,11,0.5717929998354521,0.5312230005074525,0,0
6,135,11,0.6599739999728627,0.6151940006020595,0,0
6,136,11,0.6949139997232123,0.6378369998856215,0,0
6,138,11,0.5799360005767085,0.6393800003934302,0,0
6,143,11,0.6026290002409951,0.5250780004644184,0,0
6,144,11,0.68533700050466,0.5400250001912354,0,0
6,147,11,0.7516430005125585,0.6089290000090841,0,0
6,153,11,0.5570229996010312,0.5200389996389276,0,0
6,155,11,1.6277479999189381,1.716288000352506,0,0
6,158,11,1.564647999657609,2.489536000211956,0,0
6,163,11,1.0895389996221638,1.0082710005008266,0,0
6,174,11,0.8266770000773249,0.8584220004195231,0,0
6,176,11,0.7233309997900506,0.6626559998039738,0,0
6,177,11,0.8944000001065433,0.8333910000146716,0,0
6,179,11,0.6957290006539552,0.6340279996948084,0,0
6,180,11,0.7875800001784228,0.6632949998675031,0,0
6,190,11,0.7623399997100933,0.7083119999151677,0,0
6,195,11,0.8403779993386706,0.7880410003053839,0,0
6,199,11,0.7185309996202704,0.6775719994038809,0,0
6,202,11,0.7640249996256898,0.6843120008852566,0,0
6,210,11,1.6630759992040112,1.5687819995946484,0,0
6,214,11,1.0541259998717578,0.904992999494425,0,0
6,215,11,0.995493999653263,0.8241420000558719,0,0
6,218,11,0.8967210005721427,0.8273019993794151,0,0
6,219,11,0.8196070002668421,0.7647760003237636,0,0
6,224,11,0.8454939998046029,0.8827610008665943,0,0
6,229,11,0.804710000011255,0.7374130000243895,0,0
6,233,11,0.7043189998512389,0.6714820001434418,0,0
6,235,11,0.7356430005529546,0.6909639996592887,0,0
6,236,11,0.7461999994120561,0.6333030005407636,0,0
6,241,11,1.5295000002879533,0.8313710004586028,0,0
6,245,11,1.032595999276964,1.866339000116568,0,0
6,248,11,15.475592000257166,1.5313800004150835,0,0
6,255,11,3.1329339999501826,0.7724480001343181,0,0
6,258,11,0.8476319999317639,0.9208649998981855,0,0
6,259,11,0.7803230000718031,0.643422999928589,0,0
6,261,11,0.7364279999819701,0.6796399993618252,0,0
6,266,11,0.8277400002043578,0.6275360001382069,0,0
6,270,11,0.8967129997472512,0.7530530001531588,0,0
6,273,11,0.6702230002701981,0.6262650003918679,0,0
6,278,11,0.80507500024396,0.7105770000634948,0,0
6,285,11,0.6549670006279484,0.6096150000303169,0,0
6,287,11,0.7609450003656093,0.7237070003611734,0,0
6,288,11,2.6116150002053473,1.414055000168446,0,0
6,294,11,1.188231000014639,1.0694769998735865,0,0
6,296,11,0.6258640005398775,0.6427099997381447,0,0
6,299,11,0.8077900001808302,0.6692750002912362,0,0
6,301,11,2.885049999349576,5.076955999356869,0,0
6,310,11,0.8494929998050793,0.6841340000391938,0,0
6,311,11,0.8192370005417615,0.6893160007166443,0,0
6,315,11,0.6764420004401472,0.6171109998831525,0,0
6,318,11,0.7325019996642368,0.694983999892429,0,0
6,319,11,0.7799540007908945,0.7069899993439321,0,0
6,325,11,0.8803999999145162,0.6672470008197706,0,0
6,331,11,0.6113509998613154,0.5877369994777837,0,0
6,336,11,0.7779470006425981,0.7959919994391385,0,0
6,339,11,0.6109429996286053,0.5336799995347974,0,0
6,345,11,0.6514369997603353,0.5974870000500232,0,0
6,348,11,0.6481569998868508,0.5970960000922787,0,0
6,349,11,0.6080890007069684,0.5685550004272955,0,0
6,362,11,4.203916999358626,1.6222019994529546,0,0
6,366,11,0.6114799998613307,0.5563699996855576,0,0
6,368,11,0.8397820001846412,0.6825469999967027,0,0
6,370,11,0.618818000475585,0.5832209999425686,0,0
6,374,11,9.662335000029998,1.7295849993388401,0,0
6,376,11,0.6287420001171995,0.5127860003995011,0,0
6,378,11,0.649159999738913,0.597475000176928,0,0
6,380,11,0.5883039993932471,0.5238550002104603,0,0
6,381,11,0.5829169995195116,0.5406660002336139,0,0
6,386,11,0.549802999557869,0.5174719999558874,0,0
6,389,11,0.577208000322571,0.5295789997035172,0,0
6,391,11,0.6330940004772856,0.6516869998449693,0,0
6,395,11,0.7634060002601473,0.6841610002084053,0,0
6,397,11,0.638978999631945,0.7279340006789425,0,0
6,398,11,0.6926739997652476,0.5804840002383571,0,0
6,403,11,1.334171999587852,1.1665169995467295,0,0
6,408,11,0.7922590002635843,0.7271100002981257,0,0
6,409,11,0.6304099997578305,0.5969149997326895,0,0
6,415,11,0.9001399994303938,0.833697999951255,0,0
6,419,11,17.592189999959373,1.2701089999609394,0,0
6,425,11,1.3577899999290821,1.5843490000406746,0,0
6,429,11,0.9783269997569732,0.7269010002346477,0,0
6,431,11,0.8730909994483227,0.7279060000655591,0,0
6,432,11,0.5797409994556801,0.5420620000222698,0,0
6,433,11,0.5552309994527604,0.586304000535165,0,0
6,434,11,0.5549719999180525,0.5153379997864249,0,0
6,437,11,0.6006600006003282,0.5475920006574597,0,0
6,438,11,0.9067510000022594,0.8093500000541098,0,0
6,439,11,0.7378099999186816,0.8614489997853525,0,0
6,446,11,0.5824099998790189,0.6100059999880614,0,0
6,448,11,0.628924000011466,0.5289689997880487,0,0
6,451,11,0.65769199954957,0.530712999534444,0,0
6,452,11,0.5933550000918331,0.5663330002789735,0,0
6,463,11,0.6378249991030316,0.5922520003878162,0,0
6,466,11,0.596838000092248,0.5546889997276594,0,0
6,470,11,0.7502239996028948,0.5878609999854234,0,0
6,471,11,0.6813079999119509,0.5462749995785998,0,0
6,472,11,0.5584729997281102,0.5218420001256163,0,0
6,474,11,1.184048000141047,0.5922970003666705,0,0
6,477,11,0.6088720001571346,0.5137449998073862,0,0
6,482,11,0.587866999921971,0.6199469999046414,0,0
6,489,11,0.6197510001584305,0.5218219994276296,0,0
6,490,11,0.6174810005177278,0.5310690003170748,0,0
6,494,11,0.5912769993301481,0.641689999611117,0,0
6,499,11,0.8245179997175001,0.7586579995404463,0,0
6,502,11,0.5715970000892412,0.5901770000491524,0,0
6,504,11,0.7251440001709852,0.5791209996459656,0,0
6,505,11,0.7985370002643322,0.7430650002788752,0,0
6,506,11,0.8539020000171149,0.8650820000184467,0,0
6,507,11,0.6374219992721919,0.5461909995574388,0,0
6,516,11,0.5671930002790759,0.6242859999474604,0,0
6,518,11,0.6299030001173378,0.5959489999440848,0,0
6,523,11,0.6858919996375334,0.526773000274261,0,0
6,531,11,4.381722999823978,10.593685000458208,0,0
6,535,11,0.7257229999595438,0.6219520000740886,0,0
6,542,11,0.6378370007951162,0.5938390004303074,0,0
6,547,11,0.6738259999110596,0.6152609994387603,0,0
6,549,11,0.6443919992307201,0.6843420005679945,0,0
6,553,11,0.6102530005591689,0.8780220005064621,0,0
6,556,11,0.6724320001012529,0.7337730003200704,0,0
6,557,11,0.7054529996821657,0.6562999997186125,0,0
6,558,11,7.369453000137582,8.0855039996095,0,0
6,563,11,0.7253009998748894,0.7449849999829894,0,0
6,568,11,0.7333280000239029,0.6316860008155345,0,0
6,580,11,0.9657390000938904,0.9186219995171996,0,0
6,587,11,0.7068559998515411,0.7350170008066925,0,0
6,590,11,0.7628600005773478,0.8984200003396836,0,0
6,591,11,1.3437139996312908,0.8085649997155997,0,0
6,593,11,1.9280289998278022,0.7416050002575503,0,0
6,602,11,0.8107020003080834,0.7565329997305525,0,0
6,604,11,0.8463269996354938,0.8073250000961707,0,0
6,610,11,0.9118420002778294,0.6754270007149898,0,0
6,614,11,1.4492399996015592,33.289972000602575,0,0
6,615,11,0.7953179992910009,0.6907270008014166,0,0
6,619,11,0.8171630006472697,0.9294359997511492,0,0
6,622,11,1.5759329999127658,0.7503959996029153,0,0
6,623,11,2.375734000452212,1.5075660003276425,0,0
6,624,11,0.7439360006173956,0.6828719997429289,0,0
6,629,11,1.4680849999422207,2.196659999754047,0,0
6,630,11,1.0726939999585738,0.6543589997818344,0,0
6,631,11,0.7725109999228152,0.9205650003423216,0,0
6,633,11,0.6445400003940449,0.5942550005784142,0,0
6,634,11,1.0544219994699233,0.6890210006531561,0,0
6,637,11,2.166002000194567,2.5196649994541076,0,0
6,640,11,1.5990349993444397,5.398873000558524,0,0
6,642,11,0.6838449999122531,0.6259290003072238,0,0
6,643,11,0.8441469999524998,3.1515189994024695,0,0
6,644,11,0.7109589996616705,0.6128380000518519,0,0
6,648,11,0.7429639999827486,0.6906350008648587,0,0
6,656,11,0.7028219997664564,0.946498999837786,0,0
6,658,11,0.7173690000854549,0.6686340002488578,0,0
6,659,11,0.7495820000258391,0.7120000000213622,0,0
6,661,11,0.6478450004578917,0.5944270005784347,0,0
6,666,11,0.9122390001721215,0.8417109993388294,0,0
6,667,11,0.6491560006907093,0.7078509997882065,0,0
6,668,11,0.7112140001481748,0.9557570001561544,0,0
6,669,11,0.7746230003249366,0.9421780005141045,0,0
6,672,11,0.9696300003270153,0.9627190001992858,0,0
6,676,11,0.710893000359647,0.6887039999128319,0,0
6,688,11,0.899663999916811,0.8267049997812137,0,0
6,695,11,0.960164999924018,0.9296809994339128,0,0
6,696,11,1.9083889992543845,0.8698679994267877,0,0
6,702,11,2.614044000438298,2.8305649993853876,0,0
6,708,11,1.2235550002515083,0.7202449996839277,0,0
6,710,11,2.1272170006341184,1.5220919995044824,0,0
6,715,11,1.5829430003577727,3.9665889999014325,0,0
6,718,11,0.7897680006863084,0.7803580001564114,0,0
6,725,11,1.986129000215442,0.7089079999786918,0,0
6,726,11,0.6463270001404453,0.5830000000059954,0,0
6,727,11,0.7487809998565353,0.7531650007877033,0,0
6,728,11,1.12195099973178,0.6938520000403514,0,0
6,730,11,1.0297879998688586,0.766342999668268,0,0
6,731,11,1.0455689998707385,0.7577819997095503,0,0
6,733,11,0.7488880000892095,0.6568119997609756,0,0
6,734,11,0.6694619996778783,0.6412729999283329,0,0
6,736,11,0.8349649997398956,6.839790000412904,0,0
6,739,11,1.6851450000103796,0.6775439996999921,0,0
6,741,11,2.8313160000834614,1.414887999999337,0,0
6,742,11,0.6804310005463776,0.9049370000866475,0,0
6,744,11,0.7607489997099037,0.716765000106534,0,0
6,750,11,5.9906260003117495,0.9513670001979335,0,0
6,752,11,0.7862709999244544,0.7049369996821042,0,0
6,753,11,0.8932730006563361,0.6610969994653715,0,0
6,762,11,1.9886110003426438,0.8513570001014159,0,0
6,766,11,0.8474710002701613,0.7314049998967675,0,0
6,769,11,1.5620539998053573,1.206346999424568,0,0
6,770,11,1.6781089998403331,0.7818089998181676,0,0
6,771,11,1.0063550007544109,1.2628109998331638,0,0
6,773,11,0.7747540003038011,0.7467669993275194,0,0
6,782,11,2.517939999961527,2.491211999767984,0,0
6,784,11,1.34143299965217,2.6536619998296374,0,0
6,788,11,0.696687000527163,0.606923999839637,0,0
6,792,11,0.7159610004237038,0.9256530001948704,0,0
6,793,11,0.7002370002737734,0.6333740002446575,0,0
6,798,11,0.6682759994873777,0.6295029998000246,0,0
6,802,11,0.656461999824387,0.6194090001372388,0,0
6,809,11,0.744979999581119,0.9195190004902543,0,0
6,817,11,0.7535710001320695,1.5963209998517414,0,0
6,818,11,0.7933019996926305,0.7279379997271462,0,0
6,822,11,0.6811059993196977,0.6352969994622981,0,0
6,825,11,0.8839350011839997,0.664238001263584,0,0
6,830,11,0.6588699998246739,0.6193129993334878,0,0
6,833,11,0.8807700014585862,0.6243540010473225,0,0
6,834,11,0.8861059995979303,0.6755340000381693,0,0
6,836,11,0.9397199992235983,0.7113920000847429,0,0
6,844,11,0.6448050007747952,0.593242000832106,0,0
6,846,11,0.8533950003766222,0.6893379995744908,0,0
6,855,11,0.6849029996374156,0.6395889995474136,0,0
6,856,11,4.080609000084223,2.9988540009071585,0,0
6,859,11,0.6321550008578924,0.5949809983576415,0,0
6,862,11,0.7836479999241419,0.6373790001816815,0,0
6,865,11,3.0351540008268785,3.4653699985938147,0,0
6,869,11,0.9709109999676002,0.7046820010145893,0,0
6,871,11,0.9366360009153141,0.7507829996029614,0,0
6,872,11,1.8607399997563334,0.7228289996419335,0,0
6,873,11,0.700750999385491,0.6622790006076684,0,0
6,876,11,0.7994719999260269,0.7277559998328798,0,0
6,879,11,0.7967370002006646,0.8544789998268243,0,0
6,883,11,0.7234959994093515,0.7808709997334518,0,0
6,885,11,0.8005279996723402,0.8009970006241929,0,0
6,889,11,1.7979209987970535,0.7325799997488502,0,0
6,892,11,0.8328489984705811,0.760441000238643,0,0
6,906,11,0.8715440017112996,0.7851190002838848,0,0
6,907,11,0.6744059992342955,0.609582999459235,0,0
6,908,11,1.4991489988460671,0.6514409997180337,0,0
6,909,11,0.7015039991529193,0.6624430006922921,0,0
6,914,11,0.6695690008200472,0.6168479994812515,0,0
6,922,11,0.7206650006992277,0.6152639998617815,0,0
6,926,11,0.6913030010764487,0.6651459989370778,0,0
6,930,11,1.5806980009074323,0.8907800001907162,0,0
6,931,11,1.5485980002267752,1.6816659990581684,0,0
6,937,11,0.8331230001203949,0.6854479997855378,0,0
6,940,11,0.7370029998128302,1.0057259987661382,0,0
6,945,11,0.7419850007863715,0.7652929998585023,0,0
6,949,11,0.6909160001669079,0.6270470003073569,0,0
6,951,11,0.7603170015499927,0.6742349996784469,0,0
6,954,11,2.144270998542197,5.109933001222089,0,0
6,960,11,0.8877610016497783,0.8530930008419091,0,0
6,961,11,1.0606480009300867,0.6374660006258637,0,0
6,962,11,3.8285699993139133,1.179791999675217,0,0
6,964,11,0.9383019987581065,0.9853089995885966,0,0
6,965,11,1.3800670003547566,2.428100000543054,0,0
6,967,11,0.6970379999984289,0.6648910002695629,0,0
6,968,11,2.078334000543691,7.603906000440475,0,0
6,975,11,0.759528998969472,2.372020000620978,0,0
6,976,11,24.261853999632876,8.768289999352419,0,0
6,978,11,1.1137019992020214,0.7950420003908221,0,0
6,979,11,0.7165590013755718,0.6646990004810505,0,0
6,980,11,2.355979000640218,0.6959980000829091,0,0
6,989,11,2.266511000925675,1.0227029997622594,0,0
6,991,11,0.8161099995049881,0.7690130005357787,0,0
6,992,11,1.528791000964702,1.499587999205687,0,0
6,993,11,0.9321389989054296,0.9558889996696962,0,0
6,994,11,2.814375000525615,0.9620269993320107,0,0
6,995,11,2.8117959991504904,3.0596760007028934,0,0
6,996,11,3.3944599999813363,3.0013700015842915,0,0
6,1,12,1.258054999993874,1.2313029999972969,0,0
6,2,12,2.0020489999978963,1.1978239999734797,0,0
6,4,12,2.2238709999555795,2.882847999956084,0,0
6,6,12,1.4547939999829396,2.148009999984879,0,0
6,7,12,1.8459449999568278,1.5609820000008767,0,0
6,9,12,0.8738909999692623,0.8361829999898873,0,0
6,11,12,1.6855490000011741,1.885803999982727,0,0
6,12,12,0.8496340000192504,0.9176219999744717,0,0
6,14,12,1.1392740000246704,0.8626260000141883,0,0
6,16,12,1.2326030000053834,1.1645489999523306,0,0
6,18,12,1.0505170000101316,2.339000999995733,0,0
6,20,12,0.8664850000172919,0.8557090000067546,0,0
6,24,12,4.209571000046708,12.793409999972027,0,0
6,25,12,0.8925570000428706,0.8038619999979346,0,0
6,26,12,2.9840440000157287,1.4524279999932332,0,0
6,27,12,1.0488400000099318,0.8488740000416328,0,0
6,29,12,0.9964739999759331,1.0618239999757861,0,0
6,35,12,0.907608000034088,1.0886420000133512,0,0
6,36,12,1.4208389999339488,2.0008650000136186,0,0
6,39,12,0.6989070000145148,0.6485750000138069,0,0
6,41,12,1.1595759999636357,3.005263999966701,0,0
6,43,12,2.3079280000501967,11.565754000002926,0,0
6,44,12,0.962445000027401,0.8631770000420147,0,0
6,48,12,2.1469079999860696,1.5296130000024277,0,0
6,49,12,1.6596909999861964,1.5009319999990112,0,0
6,51,12,2.570356999967771,0.9429719999616282,0,0
6,52,12,2.07343999989007,1.599265000095329,0,0
6,54,12,1.984268000001066,20.38227800005643,0,0
6,55,12,0.7446089999803007,0.6144700000731973,0,0
6,56,12,0.9495909999941432,0.7973689999971612,0,0
6,57,12,0.9784940000372444,0.8218140000053609,0,0
6,58,12,0.9052599999677113,2.1512010000606097,0,0
6,59,12,0.8394820000603431,0.783806000072218,0,0
6,60,12,0.7115250000424567,0.6951179999532542,0,0
6,62,12,0.8495189999848662,0.931160000050113,0,0
6,64,12,1.0469129999819415,0.917164000043158,0,0
6,65,12,1.1826070000324762,0.906128999986322,0,0
6,67,12,1.8809399999781817,1.6187480000553478,0,0
6,69,12,0.6895799999711016,0.7152070000984168,0,0
6,70,12,0.8495360000324581,0.9858759999588074,0,0
6,71,12,0.9326610000925939,0.722552000070209,0,0
6,72,12,14.841337000007115,1.3153869999769086,0,0
6,76,12,0.7808979999026633,0.9236749999672611,0,0
6,77,12,0.6804440000678369,0.6434580000131973,0,0
6,78,12,0.8662879999974393,0.8006519999526063,0,0
6,79,12,7.745249999970838,2.862803999960306,0,0
6,81,12,35.21515800002817,1.472690000014154,0,0
6,82,12,0.9259729999939736,0.8688860000347631,0,0
6,83,12,0.8418789999495857,0.799635000021226,0,0
6,85,12,1.0785729999724936,0.8916439999211434,0,0
6,87,12,2.565014999959203,1.0694229999899107,0,0
6,90,12,2.4850309999919773,9.399037000093813,0,0
6,93,12,0.7234939999989365,0.6865630000447709,0,0
6,95,12,0.575919999960206,0.5019380000703677,0,0
6,96,12,11.087184999951205,1.6360009999516478,0,0
6,97,12,0.9502760000259514,0.8536299999377661,0,0
6,102,12,0.8259200000111377,0.7887710000886727,0,0
6,104,12,0.8529669999006728,0.921941000001425,0,0
6,105,12,0.9734889999890584,0.8846279999943363,0,0
6,106,12,0.883755999893765,0.8542319999378378,0,0
6,110,12,0.680266000017582,0.6574909998562362,0,0
6,114,12,0.723747999927582,0.6710640000164858,0,0
6,115,12,0.5463809998218494,0.49848599996948906,0,0
6,116,12,2.5426869999591872,2.4239140000190673,0,0
6,117,12,3.056626999978107,2.754585000047882,0,0
6,118,12,0.6863070000235894,0.6529950001095131,0,0
6,120,12,0.6957590001093195,0.7042080001156137,0,0
6,122,12,0.874774999829242,0.8024199998999393,0,0
6,123,12,0.8676649999870278,0.7293329999811249,0,0
6,125,12,0.9848439999586844,2.9755909999948926,0,0
6,126,12,0.5218750000040018,0.5154829998446075,0,0
6,131,12,0.6565500000306201,0.7394249998924352,0,0
6,132,12,0.5310369999733666,0.5203729999720963,0,0
6,134,12,0.8728929999506363,0.7703819999278494,0,0
6,136,12,0.7876419999774953,0.7575750000796688,0,0
6,138,12,0.6030150000242429,0.568218000125853,0,0
6,139,12,0.5924970000705798,0.5628520000300341,0,0
6,140,12,0.5878340000435855,0.5238240000835503,0,0
6,141,12,0.6281020000642457,0.5091040000024805,0,0
6,142,12,0.5237630000465288,0.6102100001044164,0,0
6,144,12,0.8176060000550933,0.6530919999931939,0,0
6,145,12,0.680229999943549,0.8338549998825329,0,0
6,146,12,0.6728629998633551,0.7633899999746063,0,0
6,147,12,0.7107940000423696,0.7251030001498293,0,0
6,148,12,0.5572370000663796,0.5559539999921981,0,0
6,149,12,1.0377490000337275,0.8237519998601783,0,0
6,150,12,0.5914999999276915,0.4951780001647421,0,0
6,154,12,0.8252850000189937,2.901124000118216,0,0
6,155,12,0.8797950001735444,0.7523449999098375,0,0
6,157,12,0.6472860000030778,0.6106030000410101,0,0
6,158,12,0.5415600001015264,0.5162280001513864,0,0
6,159,12,0.7982979998359951,0.8575490001021535,0,0
6,160,12,0.6099039999298839,0.5788139999367559,0,0
6,162,12,0.52974200002609,0.5384759999742528,0,0
6,163,12,0.5660869999246643,0.5113860001983994,0,0
6,165,12,0.532202000158577,0.5399060000854661,0,0
6,168,12,1.0171779999836872,0.9375110000746645,0,0
6,169,12,10.564491999957681,0.7012459998350096,0,0
6,170,12,0.5784360000689048,0.5562940000345407,0,0
6,171,12,0.5753570001161279,0.5020739999963553,0,0
6,172,12,0.9802510001009068,0.9555439999076043,0,0
6,176,12,0.6806530000176281,0.7055569999465661,0,0
6,177,12,0.7567650000055437,0.7582150001326227,0,0
6,178,12,0.5682359999354958,0.539473999879192,0,0
6,179,12,0.5549519999021868,0.5081530000552448,0,0
6,181,12,0.6942139998500352,0.6458679999923334,0,0
6,182,12,0.6217550001110794,0.5502060000708298,0,0
6,185,12,0.5256080000890506,0.5123769999499928,0,0
6,187,12,1.4893039999606117,0.937753000016528,0,0
6,188,12,0.7561239999631653,0.6645939999998518,0,0
6,191,12,0.5332800001269788,0.5046789999596513,0,0
6,193,12,0.568321999935506,0.5385530000694416,0,0
6,195,12,0.5206849998558027,0.5090879999443132,0,0
6,197,12,0.5925520001710538,0.5675340000834694,0,0
6,198,12,0.7255769999119366,0.6789020001178869,0,0
6,200,12,0.52794799989897,0.5576330001986207,0,0
6,201,12,0.800575999846842,0.7951340001000062,0,0
6,202,12,2.398166999910245,0.9405010000591574,0,0
6,204,12,0.749464000136868,0.7077990001107537,0,0
6,206,12,0.5166539999663655,0.5450740000014775,0,0
6,207,12,0.8612990000074205,0.754344999904788,0,0
6,214,12,0.7743359999494714,0.7900269999936427,0,0
6,215,12,0.7994200000212004,0.6722729999637522,0,0
6,216,12,0.7793740001034166,0.710564000200975,0,0
6,218,12,0.560882000172569,0.5171890002202417,0,0
6,220,12,0.5366770001273835,0.49733399987417215,0,0
6,221,12,0.637575000155266,0.6861599999865575,0,0
6,224,12,0.538542000185771,0.5592649999925925,0,0
6,225,12,0.5285289998937515,0.5262870001843112,0,0
6,227,12,0.5234319999090076,0.4729719998977089,0,0
6,229,12,0.5807889999687177,0.546292000080939,0,0
6,230,12,0.6258559999423596,0.5439949998162774,0,0
6,232,12,0.5337350000900187,0.5078640001556778,0,0
6,234,12,5.1323570000931795,0.7494359999782318,0,0
6,240,12,0.6697069998153893,2.663148999999976,0,0
6,241,12,0.5131840000558441,0.8628590001080738,0,0
6,243,12,0.5614540000351553,0.4991870000594645,0,0
6,244,12,0.5527349999283615,0.5415939999693364,0,0
6,245,12,0.5530900000394467,0.5374810000375874,0,0
6,246,12,0.5220830000780552,0.5583980000665179,0,0
6,247,12,0.5796340001325007,0.5162150000614929,0,0
6,248,12,0.7285599999704573,0.8880200000476179,0,0
6,249,12,2.1626939999350725,1.0401060001186124,0,0
6,250,12,0.5293990000154736,0.5359419999422244,0,0
6,251,12,0.7146180000745517,0.6738950000908517,0,0
6,252,12,0.777819999939311,0.6237879999844154,0,0
6,254,12,0.7026109999515029,0.6595180000203982,0,0
6,255,12,0.5606889999398845,0.5835520000800898,0,0
6,256,12,0.5275129999517958,0.5147919998762518,0,0
6,257,12,0.6084599999667262,0.6178640001053282,0,0
6,258,12,0.9179070000300271,0.7630930001596425,0,0
6,259,12,0.5350629999156808,0.5071250000128202,0,0
6,262,12,0.6765079999695445,0.6622490000154357,0,0
6,263,12,0.6622590001370554,0.6347029998323706,0,0
6,264,12,0.6540599999880214,0.49472499995317776,0,0
6,265,12,1.2589269999807584,1.2141469999278343,0,0
6,267,12,0.5217400000674388,0.49565500012249686,0,0
6,268,12,8.600823000051605,0.9557380001297133,0,0
6,270,12,0.5560060001243983,0.5279179999888584,0,0
6,271,12,1.2786739998773555,1.8465430000560445,0,0
6,275,12,0.9375930001169763,0.8623549999811075,0,0
6,276,12,0.5645740000090882,0.5264310000256955,0,0
6,277,12,0.6870029999390681,0.7921420001366641,0,0
6,278,12,0.5155970000032539,0.4788740000094549,0,0
6,279,12,0.6713809998473153,0.6980480000038369,0,0
6,280,12,1.1563109999315202,1.1840100000881648,0,0
6,286,12,0.5140450000453711,0.4963159999533673,0,0
6,289,12,0.5339069998626655,0.5095649999020679,0,0
6,290,12,0.7494120000046678,0.6335840000701864,0,0
6,291,12,0.7203879999906349,0.7109059999947931,0,0
6,292,12,0.5472289999488567,0.5178650001198548,0,0
6,293,12,0.5300000000261207,0.5889799999749812,0,0
6,296,12,0.6018569999923784,0.8051059999161225,0,0
6,297,12,0.5314160000580159,0.5015230001390591,0,0
6,304,12,0.5212940000092203,0.49560200000087207,0,0
6,305,12,0.7550479999736126,0.7929939999939961,0,0
6,306,12,0.6672639999578678,0.7701389999965613,0,0
6,307,12,0.5592530001194973,0.48372100013693853,0,0
6,309,12,0.643720999960351,0.616491000073438,0,0
6,312,12,0.6603699998777302,0.6101980000039475,0,0
6,313,12,0.5044560000442289,0.4841299999043258,0,0
6,314,12,0.8338319998983934,0.6374399999913294,0,0
6,315,12,0.7596059999741556,0.6520490001094004,0,0
6,316,12,0.6976700001359859,1.0084970001571492,0,0
6,318,12,0.6194319998940045,0.5717880001157027,0,0
6,320,12,0.6937680000191904,0.6783720000385074,0,0
6,321,12,0.6066319999717962,0.49557099987396214,0,0
6,325,12,0.6697189999158581,0.682825000012599,0,0
6,326,12,0.9094790000290232,32.56467699998211,0,0
6,327,12,1.2088829998901929,1.151568000068437,0,0
6,328,12,1.3507710000340012,0.7287210000868072,0,0
6,329,12,0.8985010001651972,0.8215519999339449,0,0
6,331,12,0.6956030001674662,0.6529070001306536,0,0
6,333,12,0.9991809999974066,0.8062249999056803,0,0
6,335,12,0.9155149998605339,2.813806999938606,0,0
6,336,12,2.3669189999964146,1.1652919999960432,0,0
6,337,12,0.6761280001228442,0.6593970001631533,0,0
6,338,12,0.5310299998200207,0.4953110001224559,0,0
6,339,12,0.544603999969695,0.5402369999956136,0,0
6,340,12,0.7459549999566661,0.653813000099035,0,0
6,342,12,2.3241369999595918,2.4333399999250105,0,0
6,343,12,0.5461180001020693,0.5710610000733141,0,0
6,344,12,0.5733529999361053,0.5120069999975385,0,0
6,345,12,3.3926549999705458,2.033901999993759,0,0
6,347,12,0.7472459999462444,0.772136000023238,0,0
6,348,12,0.708751000047414,0.6183170000895188,0,0
6,349,12,0.558232000003045,0.5187409999507508,0,0
6,350,12,0.5778400000053807,0.533054000015909,0,0
6,352,12,0.577367999994749,0.5430199998954777,0,0
6,356,12,0.5560629999763478,0.4966999999851396,0,0
6,358,12,28.87653500010856,1.7898889998377854,0,0
6,361,12,0.6158870000945171,0.5683059998773388,0,0
6,364,12,1.4181240001107653,3.5721149999972113,0,0
6,365,12,4.045243999826198,5.940645999999106,0,0
6,366,12,0.5890659999749914,0.494154000080016,0,0
6,370,12,0.6964939998397313,0.6517849999454484,0,0
6,371,12,0.5280210000364605,0.5835599999954866,0,0
6,375,12,0.5508040001132031,0.49947399998018227,0,0
6,377,12,0.6130839999514137,0.5658369998400303,0,0
6,379,12,0.7297360000393383,0.7238610000968038,0,0
6,380,12,0.516965000088021,0.549710000086634,0,0
6,383,12,0.5412689999957365,0.5153860001883004,0,0
6,386,12,0.6735700001172518,0.6325329998162488,0,0
6,387,12,1.1194260000593204,7.139456000004429,0,0
6,390,12,1.11062100017989,1.7756320000898995,0,0
6,391,12,0.5403539998951601,0.5285570000523876,0,0
6,392,12,0.5341129999578698,0.5031480000070587,0,0
6,395,12,0.8174909999070223,0.8760690000144677,0,0
6,396,12,0.5540959998597828,0.5118040000979818,0,0
6,397,12,3.6742540000886947,0.9777850000318722,0,0
6,401,12,0.6501949999346834,0.6061209999188577,0,0
6,402,12,0.5973390000235668,0.7162300000800315,0,0
6,404,12,0.5431689999113587,0.49671800002215605,0,0
6,405,12,0.7409830000142392,0.712486000111312,0,0
6,407,12,0.6404379998912191,0.6064359999982116,0,0
6,412,12,0.7602739999583719,0.6938829999398877,0,0
6,414,12,0.5337359998520697,0.5124060000980535,0,0
6,415,12,0.5134230000294338,0.5318190001162293,0,0
6,416,12,0.5398799999056791,0.6089299999985087,0,0
6,417,12,0.6958570002097986,0.5343799998627219,0,0
6,418,12,2.2561630000836885,1.7731740001636354,0,0
6,419,12,0.8936850001646235,0.9087759999601985,0,0
6,420,12,0.8553079999273905,0.8110290000331588,0,0
6,421,12,0.6739389998529077,0.6632719998833636,0,0
6,422,12,0.7580060000691446,0.6074649998026871,0,0
6,423,12,0.6187129999943863,0.5852369999956863,0,0
6,427,12,0.6696150001062051,0.7259980000071664,0,0
6,428,12,0.9223020001627447,0.9232909999354888,0,0
6,430,12,0.5294899999626068,0.5119059999287856,0,0
6,431,12,0.5394959998739068,0.5144429999290878,0,0
6,433,12,0.5127010001615417,0.517662999982349,0,0
6,434,12,0.5978040001082263,0.49052300005314464,0,0
6,435,12,0.5407930000274064,0.536101000079725,0,0
6,436,12,0.6309420000434329,0.6049189998975635,0,0
6,438,12,0.5351550000796124,0.5032229998960247,0,0
6,440,12,0.6638859999839042,0.6598809998195065,0,0
6,443,12,0.5275710000205436,0.5721009999888338,0,0
6,444,12,0.527635000025839,0.4980280000381754,0,0
6,446,12,1.1556940000900795,0.9615520000352262,0,0
6,447,12,0.5323150001004251,0.49627599992163596,0,0
6,448,12,0.49971299995377194,0.5577570000241394,0,0
6,450,12,0.5499400001554022,0.5527610001081484,0,0
6,451,12,0.5393400001594273,0.5257459999938874,0,0
6,452,12,0.9211600001890474,0.9825080001064634,0,0
6,453,12,0.6804509998801223,0.6238739999844256,0,0
6,456,12,0.9777089999261079,0.9384130000853474,0,0
6,457,12,0.5603609999980108,0.5012940000597155,0,0
6,459,12,1.9646279999960825,8.729802000061682,0,0
6,462,12,0.7260319998749765,0.8225550000133808,0,0
6,465,12,0.6589200002053985,0.6319239998902049,0,0
6,467,12,0.6695350000427425,0.6514869999136863,0,0
6,469,12,0.6578029999673163,1.069347999873571,0,0
6,471,12,1.0204210000210878,0.8854110001266235,0,0
6,473,12,0.5271180000363529,0.5029809999541612,0,0
6,475,12,0.5677600001945393,0.475051999956122,0,0
6,476,12,0.563227000156985,0.5023080000228219,0,0
6,477,12,0.6432620000396128,0.5742349999309226,0,0
6,478,12,0.6346139998640865,0.5648679998557782,0,0
6,479,12,0.6529460001729603,0.5838749998474668,0,0
6,480,12,0.7487699999728648,0.7009959999777493,0,0
6,481,12,0.609564000114915,0.5901339998217736,0,0
6,483,12,1.992173999951774,1.6964239998742414,0,0
6,485,12,6.55832500001452,1.2074599999323254,0,0
6,486,12,0.740209000014147,0.8323540000674257,0,0
6,488,12,0.5186070000036125,0.5200919999879261,0,0
6,489,12,1.233791000004203,0.8803760001683258,0,0
6,490,12,1.022628999862718,0.8265980000032869,0,0
6,492,12,0.7759289999285102,0.7865899999615067,0,0
6,493,12,0.8004389999314299,0.6648779999522958,0,0
6,494,12,0.5241369999566814,0.5485789999966073,0,0
6,498,12,0.5140969999501976,0.4910589998416981,0,0
6,499,12,0.73210100003962,2.173689000073864,0,0
6,500,12,1.2943070000801526,1.7367700002068887,0,0
6,504,12,0.5585450001035497,0.5005749999327236,0,0
6,505,12,0.5308459999469051,0.49473100011709903,0,0
6,506,12,0.5185710001569532,0.5065320001449436,0,0
6,507,12,0.6660330000158865,0.5883609999273176,0,0
6,509,12,3.1601990001490776,0.891346999878806,0,0
6,510,12,0.5296219997035223,0.48757700005808147,0,0
6,512,12,0.8587459997215774,0.865380999584886,0,0
6,513,12,0.522165999882418,0.5136960003255808,0,0
6,514,12,6.281663000208937,1.5362740000455233,0,0
6,516,12,0.6041720002940565,0.5255840001154866,0,0
6,517,12,0.7437200001731981,0.7100989996615681,0,0
6,518,12,0.8794300001682132,0.7943820000946289,0,0
6,520,12,0.7048870002108742,0.679772000239609,0,0
6,521,12,0.5999180002618232,0.7952500000101281,0,0
6,522,12,0.5962720001662092,0.4900509998151392,0,0
6,524,12,0.6915580001987109,0.7382329999927606,0,0
6,525,12,0.7391850003841682,2.5677339999674587,0,0
6,526,12,0.5429820002973429,0.5471280001074774,0,0
6,528,12,0.5282809997879667,0.5358749999686552,0,0
6,529,12,0.7122229999367846,0.669401999857655,0,0
6,530,12,0.6834620003246528,0.7114690001799318,0,0
6,531,12,0.5843399999321264,0.5779870002697862,0,0
6,535,12,0.8736249997127743,0.8583490002820326,0,0
6,536,12,0.727189999906841,0.6712099998367194,0,0
6,538,12,0.5252030000519881,0.48749099960332387,0,0
6,541,12,0.5840720000378496,0.5388180002228182,0,0
6,542,12,0.5578570003308414,0.46256300038294285,0,0
6,543,12,0.5980780001664243,0.5593240002781386,0,0
6,544,12,2.3957039998094842,1.065648999883706,0,0
6,545,12,1.0978420000355982,1.006593000056455,0,0
6,547,12,0.9334769997622061,0.8763679998082807,0,0
6,548,12,0.6463240001721715,0.6902220002302784,0,0
6,549,12,0.5977000000711996,0.5042550001235213,0,0
6,551,12,0.5195769999772892,0.527690000126313,0,0
6,552,12,0.735497999812651,0.6790949996684503,0,0
6,553,12,0.6074679999983346,0.5646710001201427,0,0
6,554,12,0.9539639995637117,0.9655909998400602,0,0
6,558,12,0.5328919996827608,0.5006110000067565,0,0
6,562,12,3.305479000118794,1.104528000269056,0,0
6,563,12,0.8594189998802904,0.8083030002126179,0,0
6,566,12,15.136028999677364,2.2635780001110106,0,0
6,567,12,2.363399999921967,1.5364060000138124,0,0
6,569,12,0.8580950002397003,0.7421899999826564,0,0
6,570,12,0.53013499973531,0.5108769996695628,0,0
6,571,12,1.1813689998234622,1.0139820001313637,0,0
6,572,12,0.5416429999058892,0.5913709997003025,0,0
6,574,12,0.5271480004012119,0.5252580003798357,0,0
6,576,12,0.665735999973549,0.6354919996738317,0,0
6,577,12,1.141061999987869,1.7267799998990085,0,0
6,580,12,0.7220039997264394,0.6900940002196876,0,0
6,581,12,0.9751679999681073,0.8330489999934798,0,0
6,582,12,0.7927539995762345,0.6588809997083445,0,0
6,583,12,0.5675169995811302,0.5037780001657666,0,0
6,585,12,0.5857920000380545,0.5812869999317627,0,0
6,587,12,0.5788549997305381,0.5810510001538205,0,0
6,588,12,0.5464000000756641,0.5019360000915185,0,0
6,591,12,1.0602749998724903,0.8336559999406745,0,0
6,594,12,1.9862439999087655,3.1732319998809544,0,0
6,597,12,0.7196369997473084,0.7561249999525899,0,0
6,600,12,0.5226399998718989,0.5076350003037078,0,0
6,601,12,1.2697900001512608,1.8854049999390554,0,0
6,603,12,0.6937359999028558,0.6720870001117873,0,0
6,604,12,0.5419829999482317,0.5844339998475334,0,0
6,606,12,0.6113300000833988,0.5608129999927769,0,0
6,607,12,1.1984029997620382,0.9658540002419613,0,0
6,608,12,0.8645309999337769,0.7844060000934405,0,0
6,609,12,0.5213349995756289,0.5145820000507229,0,0
6,610,12,0.6443870001930918,0.6202039999152476,0,0
6,611,12,0.5211110001255292,0.5131090001668781,0,0
6,612,12,1.0924859998340253,0.8633470001768728,0,0
6,614,12,0.5254159996184171,0.5517320000762993,0,0
6,616,12,1.6706110000086483,1.649556999836932,0,0
6,618,12,0.5538469999919471,0.580684999931691,0,0
6,619,12,0.7337560000451049,0.6505520000246179,0,0
6,620,12,0.761930999942706,0.7320959998651233,0,0
6,622,12,0.6925689999661699,0.7689740000387246,0,0
6,623,12,0.5233990000306221,0.5019629998059827,0,0
6,625,12,0.5464810001285514,0.514071999987209,0,0
6,627,12,0.5250809999779449,0.48371999992014025,0,0
6,628,12,0.5269579996820539,0.5322400002114591,0,0
6,629,12,1.3838699996995274,1.2642289998439082,0,0
6,631,12,0.6906160001562966,0.6569340002897661,0,0
6,632,12,0.7137080001484719,0.7356900000559108,0,0
6,634,12,0.5640800000037416,0.49837100004879176,0,0
6,635,12,0.6449309998970421,0.6340140002976113,0,0
6,639,12,0.731023999833269,0.6630900002164708,0,0
6,641,12,0.9529839999231626,1.066240000000107,0,0
6,642,12,0.944665000133682,0.917211000341922,0,0
6,643,12,0.6760879996363656,0.6437410002035904,0,0
6,644,12,10.643771999639284,4.492998999921838,0,0
6,646,12,0.750828000036563,0.7914710004115477,0,0
6,648,12,0.6889300002512755,0.6081679998715117,0,0
6,650,12,0.7741609997538035,0.7178129999374505,0,0
6,653,12,0.5364250000639004,0.7437210001626227,0,0
6,656,12,0.5240130003585364,0.5547430000660825,0,0
6,658,12,0.6836260004092765,0.6601269997190684,0,0
6,659,12,0.5980370001452684,0.7494890000998566,0,0
6,661,12,0.5762159998994321,0.4972440001438372,0,0
6,666,12,0.6794739997530996,0.6099219999669003,0,0
6,667,12,1.5552670001852675,1.5293880001081561,0,0
6,669,12,0.9735930002534587,0.8063720001700858,0,0
6,671,12,0.605145999998058,0.5161829999451584,0,0
6,675,12,0.7456019998244301,0.6201529999998456,0,0
6,677,12,23.72826700002406,1.529239999854326,0,0
6,680,12,0.5492600002980907,0.5262980002953555,0,0
6,681,12,0.5488960000548104,0.4888029998255661,0,0
6,689,12,1.1153030000059516,2.2540639997714607,0,0
6,691,12,0.7273659998645599,0.6981010001254617,0,0
6,692,12,0.9721619999254472,0.8532429997103463,0,0
6,695,12,0.6127280003056512,0.5054959997323749,0,0
6,697,12,0.6106649998400826,0.5323649997990287,0,0
6,698,12,0.9530800002721662,0.738660000024538,0,0
6,699,12,0.5498820000866544,0.4887939999207447,0,0
6,700,12,0.6169339999360091,0.5662240000674501,0,0
6,702,12,0.8770260001256247,0.7851899999877787,0,0
6,703,12,0.7253580001815862,0.6517830001939728,0,0
6,705,12,0.5994480002300406,0.5008560001442675,0,0
6,707,12,0.5535369996323425,0.48421600013170973,0,0
6,709,12,0.9570050001457275,0.7904819999566826,0,0
6,710,12,0.5400329996518849,0.4824669999834441,0,0
6,711,12,3.852735000236862,1.638987000205816,0,0
6,714,12,1.0538900000938156,0.8673020001879195,0,0
6,715,12,0.5891769997106167,0.5291459997351922,0,0
6,717,12,1.039464000314183,0.8439590001216857,0,0
6,719,12,0.5386679999901389,0.5029919998378318,0,0
6,720,12,0.7630700001755031,0.5655280001519714,0,0
6,724,12,0.5298789997141284,0.5081750000499596,0,0
6,727,12,0.5735080003432813,0.516019000315282,0,0
6,728,12,3.9363369996863184,2.2878099998706602,0,0
6,733,12,0.5344589999367599,0.5062629998064949,0,0
6,735,12,0.517275000220252,0.4856790001213085,0,0
6,739,12,0.5501410000761098,0.5108010000185459,0,0
6,740,12,0.5585620001511415,0.4954199998792319,0,0
6,742,12,0.5271690001791285,0.5120019995956682,0,0
6,743,12,4.011372000150004,0.9551200000714744,0,0
6,745,12,0.5802939999739465,0.5612800000562856,0,0
6,747,12,0.9678530000201135,1.1340300002302683,0,0
6,748,12,0.6472860000030778,0.6319940002867952,0,0
6,752,12,0.5963949997749296,0.4940799999531009,0,0
6,755,12,0.6979799995860958,0.6760369997209636,0,0
6,756,12,1.0591760001261719,1.0248630001115089,0,0
6,758,12,10.07361799975115,23.331117999987327,0,0
6,759,12,0.6096060001254955,0.5901849999645492,0,0
6,760,12,2.2679289995721774,1.8550600002527062,0,0
6,762,12,0.625073999799497,0.512383000113914,0,0
6,763,12,0.7212600003185798,0.6501979996755836,0,0
6,764,12,0.988291999874491,0.9299329999521433,0,0
6,765,12,0.6141210001260333,0.5101910001030774,0,0
6,767,12,1.0002410003835394,1.0396789998594613,0,0
6,769,12,0.7216479998533032,0.7056340000417549,0,0
6,772,12,0.6983620000937663,1.0321310001017991,0,0
6,773,12,0.5396760002440715,0.4961529998581682,0,0
6,774,12,1.250791000074969,1.208078000217938,0,0
6,775,12,0.8239890003096662,0.7853530000829778,0,0
6,776,12,1.7689579999569105,1.644567000312236,0,0
6,778,12,0.6399310000233527,0.6276930002968584,0,0
6,779,12,1.0367049999331357,0.8463469998787332,0,0
6,780,12,0.5623749998449057,0.4987129996152362,0,0
6,781,12,1.7181180000989116,2.2546199998032534,0,0
6,783,12,0.6882750003569527,0.6422349997592391,0,0
6,785,12,0.709907000327803,0.6300579998423927,0,0
6,786,12,1.0188050000579096,1.0176240002692793,0,0
6,788,12,0.891341000169632,0.9263230003853096,0,0
6,789,12,0.5823919996146287,0.5061249999016582,0,0
6,790,12,0.5291309998938232,0.49910300003830343,0,0
6,791,12,0.519252000231063,0.5008220000490837,0,0
6,792,12,0.9068270001080236,0.7562099999631755,0,0
6,793,12,0.5370700000639772,0.5066940002507181,0,0
6,795,12,17.894706999868504,4.337588999987929,0,0
6,796,12,0.9065609997378488,0.8488669996040699,0,0
6,798,12,1.0734960001173022,1.0288959997524216,0,0
6,799,12,0.8048320000852982,0.7059630002004269,0,0
6,800,12,0.5340259999684349,0.5149190001247916,0,0
6,801,12,1.208524000048783,2.0838280001953535,0,0
6,802,12,0.5476390001604159,0.5051580001236289,0,0
6,803,12,0.5291170000418788,0.5101299998386821,0,0
6,804,12,1.401730999987194,0.8259240003098967,0,0
6,805,12,1.2092919996575802,0.9216229996127367,0,0
6,806,12,0.5621659997814277,0.5965410000499105,0,0
6,807,12,0.6658060001427657,0.6327220003186085,0,0
6,809,12,0.5310419996931159,0.6492289999187051,0,0
6,810,12,0.803954000275553,0.7668719999855966,0,0
6,811,12,1.938287000029959,1.3705369997296657,0,0
6,813,12,0.7103800003278593,0.6702300001961703,0,0
6,814,12,0.5576009998549125,0.4967049999322626,0,0
6,816,12,0.8555610002076719,7.7539090002574085,0,0
6,817,12,1.1930569999094587,0.9258629997930257,0,0
6,818,12,0.6862760001240531,0.6031069997334271,0,0
6,821,12,0.5648060000567057,0.5150039996806299,0,0
6,825,12,1.0470520001035766,0.7465910002792953,0,0
6,826,12,0.5616050002572592,0.5521929997485131,0,0
6,829,12,0.8884160001798591,0.6534730000566924,0,0
6,832,12,0.6424690000130795,0.5760250001003442,0,0
6,834,12,0.5293670001265127,0.5230890001257649,0,0
6,840,12,0.7235749999381369,0.6609080000998802,0,0
6,841,12,0.596184999722027,0.4995820004296547,0,0
6,842,12,0.8327769996867573,3.599944000143296,0,0
6,843,12,0.5397650002123555,0.4990689999431197,0,0
6,844,12,0.5511070003194618,0.49494699987917556,0,0
6,847,12,0.5434570002762484,0.5052579999755835,0,0
6,848,12,0.5233319998296793,0.4918250001537672,0,0
6,849,12,0.5540440001823299,0.5257869997876696,0,0
6,850,12,0.5975429999125481,0.5144140000084008,0,0
6,851,12,0.5729370000153722,0.5712120000680443,0,0
6,852,12,0.8243160000347416,0.6438249997700041,0,0
6,853,12,1.0426470003039867,8.412029000282928,0,0
6,854,12,0.6789220001337526,0.5503229999703763,0,0
6,857,12,0.7359860001088236,0.6480929996541818,0,0
6,858,12,0.624859999788896,0.4963260003023606,0,0
6,863,12,0.5162219999874651,0.4850259997510875,0,0
6,864,12,0.5790750001324341,0.4869469998993736,0,0
6,865,12,0.9365609998894797,0.7318779998968239,0,0
6,866,12,0.7129390000955027,0.6694889998470899,0,0
6,867,12,0.5205170000408543,0.5092890000923944,0,0
6,870,12,27.08097100003215,2.8887409998787916,0,0
6,871,12,0.6723709998368577,0.6557599999723607,0,0
6,872,12,0.6082200002310856,0.5437840000013239,0,0
6,873,12,0.8103279997158097,0.8798020003268903,0,0
6,874,12,0.5461650002871465,0.5022790001021349,0,0
6,875,12,1.0713719998420856,2.2917920000509184,0,0
6,877,12,0.7305839999389718,0.6757740002285573,0,0
6,878,12,0.6620780000048399,0.6709200001751014,0,0
6,880,12,0.9890599999380356,68.71884099973613,0,0
6,882,12,0.7233390001601947,0.6799830002819363,0,0
6,883,12,0.5428290000963898,0.5744770001001598,0,0
6,885,12,0.6662560003860563,0.6254940003600495,0,0
6,886,12,0.535966999905213,0.5317259997354995,0,0
6,892,12,0.6936019999557175,0.671958000111772,0,0
6,894,12,0.8497080002598523,0.8172479997483606,0,0
6,896,12,0.5270449996714888,0.5340909997357812,0,0
6,897,12,0.7115869998415292,0.6395899999915855,0,0
6,898,12,0.7904650001364644,0.7511480002904136,0,0
6,900,12,0.7217980000859825,0.6593399998564564,0,0
6,901,12,0.6459979999817733,0.585980000323616,0,0
6,902,12,0.8478919999106438,1.0647650001374132,0,0
6,905,12,8.561880999877758,0.8568610001020716,0,0
6,907,12,1.152770999851782,1.0350739999012148,0,0
6,908,12,0.7974939999257913,1.499265999882482,0,0
6,909,12,0.7035269995867566,0.5719139999200706,0,0
6,913,12,1.0166009997192305,0.9507019999546173,0,0
6,914,12,0.5530210000870284,0.5257489997347875,0,0
6,915,12,0.6713660000059463,1.1796910002885852,0,0
6,916,12,1.2442380002539721,0.8007569999790576,0,0
6,917,12,1.1686529996950412,2.3068000000421307,0,0
6,921,12,0.5794359999526932,0.5048959997111524,0,0
6,923,12,0.5355089997465257,0.48591100039629964,0,0
6,926,12,0.6299889996626007,0.5133119998390612,0,0
6,928,12,0.5241089997980453,0.5098510000607348,0,0
6,929,12,0.8000049997463066,0.7291940000868635,0,0
6,930,12,0.8595260001129645,0.8459250002488261,0,0
6,932,12,1.726220999898942,0.6274679999478394,0,0
6,934,12,0.9182660000988108,0.8355840000149328,0,0
6,935,12,0.7028360000731482,0.6417099998543563,0,0
6,936,12,0.993580999875121,0.7349029997385514,0,0
6,937,12,0.9956909998436458,0.9655079998083238,0,0
6,938,12,0.581820999741467,0.5714610001632536,0,0
6,939,12,0.5745819998992374,0.568083999951341,0,0
6,940,12,0.9604879996913951,0.8561510003346484,0,0
6,942,12,0.6010410002090794,0.5307019996507734,0,0
6,943,12,0.5306190000737843,0.5451590000120632,0,0
6,944,12,0.8396869998250622,0.7519300002059026,0,0
6,946,12,1.0301379998054472,1.0229350000372506,0,0
6,952,12,23.99288200012961,3.294270999958826,0,0
6,953,12,2.0519859999694745,1.596759999756614,0,0
6,955,12,2.576317000148265,3.22557700019388,0,0
6,957,12,45.477241999833495,2.6532420001785795,0,0
6,958,12,17.858690000139177,2.3657520000597287,0,0
6,959,12,1.4344689998324611,0.8497549997628084,0,0
6,960,12,2.0439189997887297,0.8317130000250472,0,0
6,961,12,0.5927769998379517,0.49817699982668273,0,0
6,964,12,0.5536319999919215,0.49527000010129996,0,0
6,965,12,0.5921980000493932,0.5231640002421045,0,0
6,966,12,0.6236429999262327,0.5237489999672107,0,0
6,967,12,0.646285999664542,0.8547659999749158,0,0
6,968,12,2.306532000147854,6.637569999838888,0,0
6,969,12,2.4516600001334155,0.9794200000214914,0,0
6,970,12,1.1142759999529517,0.8741680003367946,0,0
6,971,12,3.3391659999324474,2.2462480001195217,0,0
6,972,12,0.7383429997389612,0.6966870000724157,0,0
6,974,12,6.359984000027907,6.966173999899183,0,0
6,975,12,1.3522089998332376,2.114645000347082,0,0
6,976,12,0.8071869997365866,1.5217969998957415,0,0
6,978,12,2.6052799998979026,1.4149090002320008,0,0
6,980,12,2.6375380002718884,1.0415720003038587,0,0
6,981,12,2.6476539997020154,2.6754239997899276,0,0
6,982,12,0.6121100000200386,0.5145380000612931,0,0
6,983,12,0.7812889998604078,0.7425029998557875,0,0
6,984,12,1.0022760002357245,0.9307719997195818,0,0
6,990,12,0.6830740003351821,0.6487099999503698,0,0
6,991,12,1.2965650003025075,3.121446000022843,0,0
6,994,12,1.0134159997505776,0.8175230000233569,0,0
6,996,12,25.457158999870444,2.5049629998648015,0,0
6,998,12,0.9476350001023093,25.483305000307155,0,0
6,999,12,2.5584830000298098,1.0506650000934314,0,0
