File,Iteration,n,Max_columns,Duration_w_all_Columns,Duration_w_max_columns,Num_op_w_all_columns,Num_op_w_max_columns,Number of error
4,0,126,11,5.615218000002642,3.288358000190783,0,0,0
6,0,126,11,683.3958140000504,658.0442360009329,0,0,15
4,1,126,11,1.1176090001754346,0.5774040000687819,0,0,0
5,1,126,11,15.36131300008492,14.765408000130265,0,0,1
6,1,126,11,133.6020920084593,121.13541100870862,0,0,28
4,2,126,11,0.9798460000638443,0.46916900009819074,0,0,0
5,2,126,11,12.960717000169097,12.464569000258052,0,0,1
6,2,126,11,525.3719789975548,513.6575669994272,0,0,40
5,3,126,11,13.619126999856235,13.073081999664282,0,0,1
6,3,126,11,118.37186299817404,107.66429900058938,0,0,52
4,4,126,11,0.9160410004369623,0.4462370002329408,0,0,1
5,4,126,11,13.033494999945106,12.514041000031284,0,0,1
6,4,126,11,288.40978800553785,186.78510900372203,0,0,63
4,5,126,11,1.1235130000386562,0.5427609999060223,0,0,1
5,5,126,11,15.071363999595633,14.460412000062206,0,0,1
6,5,126,11,194.8990379883071,179.7138129909399,0,0,77
5,6,126,11,248.04757599940785,244.0953349996562,0,0,1
6,6,126,11,1368.849154000145,1100.9704929988402,0,0,90
6,7,126,11,604.4749369907549,574.333012990337,0,0,99
4,8,126,11,1.028983999731281,0.4809269998986565,0,0,3
5,8,126,11,13.453360000312387,12.91193800034307,0,0,2
6,8,126,11,117.40361600232063,108.69280800307024,0,0,110
4,9,126,11,1.0152410000046075,0.4874759997619549,0,0,3
6,9,126,11,149.8447740004849,136.58967499850405,0,0,125
5,10,126,11,12.341658000423195,11.846756000068126,0,0,3
6,10,126,11,141.0729550088945,127.13410900823874,0,0,140
4,11,126,11,0.8982079998531844,0.43249100008324604,0,0,4
6,11,126,11,171.8569000036041,144.1823990044213,0,0,154
5,12,126,11,81.01569099972039,118.82939299948703,0,0,4
6,12,126,11,657.7296219966229,629.0166479984691,0,0,174
4,13,126,11,1.4372870000443072,0.7797140001457592,0,0,5
5,13,126,11,37.25852199977453,36.52290500031086,0,0,4
6,13,126,11,1243.7621969975226,964.4669579975016,0,0,175
4,14,126,11,1.2477840000428841,14.348650999636448,0,0,5
5,14,126,11,132.24406699964675,130.6836270000531,0,0,4
6,14,126,11,1234.6751509926435,1015.158701992732,0,0,185
4,15,126,11,42.741179000131524,0.8363830002053874,0,0,5
6,15,126,11,1032.6753910121624,887.5635200115539,0,0,196
6,16,126,11,157.96263298761914,141.40920498766718,0,0,206
4,17,126,11,0.9265270000469172,0.4443600000740844,0,0,6
5,17,126,11,13.098032000016246,12.605339999936405,0,0,6
6,17,126,11,208.34113998262183,183.7284769840153,0,0,218
4,18,126,11,1.3426680002339708,0.6385450001289428,0,0,6
5,18,126,11,55.979051000122126,54.21358900002815,0,0,6
6,18,126,11,690.9461079867469,647.5797369866996,0,0,231
4,19,126,11,1.1949830000048678,0.5746110000472981,0,0,6
6,19,126,11,141.57085900296806,127.8260240023883,0,0,242
5,20,126,11,13.103649999720801,12.545198999760032,0,0,7
6,20,126,11,528.6741389945746,215.51659699571246,0,0,253
5,21,126,11,103.30604499995388,102.23549099964657,0,0,7
6,21,126,11,745.6950659961876,812.3449439963224,0,0,264
5,22,126,11,39.18561899990891,37.60308300024917,0,0,7
6,22,126,11,341.7732649986647,297.4559129975205,0,0,269
4,23,126,11,0.992736000171135,0.4723609999928158,0,0,9
6,23,126,11,155.56122600446542,139.36819700438718,0,0,290
4,24,126,11,0.9259789999305212,0.44748399977834197,0,0,9
5,24,126,11,12.413034000019252,11.880058999850007,0,0,8
6,24,126,11,113.66154900906622,99.66232201122693,0,0,297
4,25,126,11,0.9489140002187924,0.43116599999848404,0,0,9
6,25,126,11,194.41317699602223,157.47645699730128,0,0,305
6,26,126,11,161.84134199738764,148.05063699714083,0,0,323
5,27,126,11,16.50072399979763,15.88708700001007,0,0,10
6,27,126,11,270.2565329927893,203.2455459934681,0,0,337
5,28,126,11,137.89451799948438,137.11013700003605,0,0,10
6,28,126,11,673.2739480007695,651.0665790015082,0,0,353
6,29,126,11,186.6678010051146,156.13968400521117,0,0,362
4,30,126,11,1.3908190003348864,0.6449799998335948,0,0,13
6,30,126,11,126.48256500688149,117.16648300853194,0,0,372
4,31,126,11,0.9385789999214467,0.4572690004351898,0,0,13
5,31,126,11,13.605851999727747,13.09766500025944,0,0,12
6,31,126,11,478.1177340069007,398.86026000567654,0,0,381
4,32,126,11,19.925288999729673,0.7824580002306902,0,0,13
5,32,126,11,241.27640300002895,242.02104599999075,0,0,12
6,32,126,11,694.3663180118165,688.7375670094116,0,0,390
4,33,126,11,1.3377620002756885,0.9673819999989064,0,0,13
5,33,126,11,104.02760499982833,103.55604699998366,0,0,12
6,33,126,11,1595.9851509992404,1619.0218869996897,0,0,406
4,34,126,11,1.1578600001485029,0.6541439997818088,0,0,13
5,34,126,11,19.972193999819865,19.303490999391215,0,0,12
6,34,126,11,186.96479299296698,214.16882799303494,0,0,421
4,35,126,11,1.3731569997617044,0.6632760000684357,0,0,13
5,35,126,11,29.543066000314866,28.70073100029913,0,0,12
6,35,126,11,334.1678750007304,298.9444090003417,0,0,432
6,36,126,11,162.09614299805253,144.2746649968285,0,0,451
4,37,126,11,1.4048049997654743,0.5924189999859664,0,0,14
5,37,126,11,16.79608399990684,16.080559999863908,0,0,13
6,37,126,11,323.9787039988187,216.7462510024052,0,0,463
4,38,126,11,1.2021679999634216,0.6008600003042375,0,0,14
5,38,126,11,15.981914999883884,15.361516999746527,0,0,13
6,38,126,11,225.08525299281246,179.23430899236337,0,0,481
5,39,126,11,15.17270299973461,14.595525000004272,0,0,13
6,39,126,11,136.5170610115456,122.42019101313417,0,0,493
5,40,126,11,13.758294999661302,13.238443999398442,0,0,13
6,40,126,11,127.06157399134099,115.77086199167752,0,0,508
5,41,126,11,12.205398999867612,11.715357999946718,0,0,13
6,41,126,11,214.09235999499288,108.75662299395117,0,0,514
4,42,126,11,1.6300530000989966,1.0348119999434857,0,0,17
5,42,126,11,79.69520899996496,78.86958100016273,0,0,13
6,42,126,11,732.0849509842446,654.2248869850482,0,0,531
5,43,126,11,52.37982300013755,30.128841000077955,0,0,13
6,43,126,11,918.279488004373,816.0469020053824,0,0,537
5,44,126,11,56.472355000096286,55.12783800031684,0,0,13
6,44,126,11,938.3131470103763,801.613689009173,0,0,555
4,45,126,11,1.492934999987483,0.6878000003780471,0,0,19
5,45,126,11,164.7438280001552,141.56151200040767,0,0,13
6,45,126,11,674.9379509915343,577.4043999899732,0,0,566
4,46,126,11,0.9328690002803341,0.4569630000332836,0,0,19
5,46,126,11,13.138326999523997,12.607994999598304,0,0,13
6,46,126,11,128.4458510008335,115.24126100039211,0,0,580
6,47,126,11,116.15975399945455,103.86421300063375,0,0,590
5,48,126,11,12.373932999707904,11.880566999479925,0,0,14
6,48,126,11,122.25495999473424,106.38936999202997,0,0,597
5,49,126,11,12.952651999967202,12.442905999705545,0,0,14
6,49,126,11,137.04383400045117,123.22539900014817,0,0,610
4,50,126,11,0.8895000000848086,0.4270889999133942,0,0,22
5,50,126,11,11.917468999854464,11.393873999622883,0,0,14
6,50,126,11,124.42880299249737,110.51350599291254,0,0,622
4,51,126,11,1.3727190003010037,0.7600820003972331,0,0,22
5,51,126,11,15.268305000063265,14.786436000122194,0,0,14
6,51,126,11,126.9628859945442,109.17095099330254,0,0,632
4,52,126,11,0.924582999687118,0.4469279997465492,0,0,22
5,52,126,11,12.740398999994795,12.246626999967702,0,0,14
6,52,126,11,128.69029299599788,139.9254679963633,0,0,644
4,53,126,11,1.0679510000954906,0.5122319998918101,0,0,22
6,53,126,11,144.46084000428527,123.88578000627604,0,0,649
4,54,126,11,0.9886240000014368,0.4969249998794112,0,0,22
6,54,126,11,143.97646399856967,129.3513759956113,0,0,664
4,55,126,11,1.1008109995600535,0.4202320001240878,0,0,22
6,55,126,11,132.7190400006657,118.5038180005904,0,0,685
5,56,126,11,14.690124999560794,14.109783000094467,0,0,17
6,56,126,11,215.81619798826068,140.116736987693,0,0,697
4,57,126,11,1.2266570001884247,0.8577519997743366,0,0,23
5,57,126,11,62.8293009999652,62.098766999952204,0,0,17
6,57,126,11,877.3727199904897,827.7540559893168,0,0,711
5,58,126,11,99.10865800020474,75.94697800004724,0,0,17
6,58,126,11,425.690906998625,410.50976900032765,0,0,718
4,59,126,11,1.0427029997117643,0.5667659997925512,0,0,24
5,59,126,11,14.36359600029391,13.781237000330293,0,0,17
6,59,126,11,162.5423050122663,142.8971040113538,0,0,735
4,60,126,11,0.918457000352646,0.5054579996794928,0,0,24
5,60,126,11,12.275180999949953,11.823541000012483,0,0,17
6,60,126,11,121.90708100706615,109.43432800922892,0,0,748
6,61,126,11,909.0077400019254,893.6489370003073,0,0,761
4,62,126,11,0.9471079997638299,0.501256999996258,0,0,25
5,62,126,11,21.53392000036547,20.848358000421285,0,0,18
6,62,126,11,1093.303646991444,1026.8561509915344,0,0,770
4,63,126,11,1.1792720001722046,0.5741999998463143,0,0,25
5,63,126,11,16.888415000266832,16.263891000107833,0,0,18
6,63,126,11,366.7738149974866,306.988150000052,0,0,782
4,64,126,11,12.91352199996254,0.6877340001665289,0,0,25
5,64,126,11,224.43397100005313,188.30606000028638,0,0,18
6,64,126,11,962.5296770018394,921.2275390036666,0,0,789
4,65,126,11,9.48906200028432,0.7104139999682957,0,0,25
5,65,126,11,59.688516999813146,58.85289299976648,0,0,18
6,65,126,11,776.4570360127436,662.3218500144503,0,0,803
4,66,126,11,1.1250210000071093,0.5525209999177605,0,0,25
6,66,126,11,133.07671900975038,120.4374160088264,0,0,814
6,67,126,11,115.7173089841308,101.8282159861883,0,0,822
5,68,126,11,12.005273999875499,11.512970999774552,0,0,20
6,68,126,11,122.83235600125408,110.81974600210742,0,0,835
4,69,126,11,0.9047649996318796,0.4414800000631658,0,0,27
6,69,126,11,150.3645689986115,137.64818899926468,0,0,848
4,70,126,11,0.9501710001131869,0.4780280000886705,0,0,27
6,70,126,11,129.39287801691535,118.7587410154265,0,0,866
5,71,126,11,13.473330000124406,12.946515000294312,0,0,22
6,71,126,11,125.86032900526334,111.14416200643973,0,0,873
4,72,126,11,0.9031409999806783,0.4382659999464522,0,0,28
6,72,126,11,159.92260999928476,136.37388499955705,0,0,887
4,73,126,11,1.07557999990604,0.5157549999239563,0,0,28
5,73,126,11,307.8242589999718,306.79125699953147,0,0,23
6,73,126,11,1049.258717003795,939.7834210035398,0,0,901
4,74,126,11,7.292519999737124,0.8791199998086086,0,0,28
6,74,126,11,885.9373530076482,861.691325007996,0,0,915
4,75,126,11,5.028297999615461,3.883464999944408,0,0,28
6,75,126,11,868.4388220062829,854.0973190047225,0,0,931
4,76,126,11,0.9177509996334265,0.4465530000743456,0,0,28
5,76,126,11,12.535067999579041,12.044197999784956,0,0,25
6,76,126,11,133.20648900389642,135.52866200188873,0,0,941
4,77,126,11,21.96127500019429,1.150875999883283,0,0,28
6,77,126,11,1280.3964830013683,1160.8175600017603,0,0,959
4,78,126,11,6.570369000201026,2.6163159996031027,0,0,28
5,78,126,11,59.56445399988297,45.54925899992668,0,0,26
6,78,126,11,741.7048450024595,639.1317460011123,0,0,975
4,79,126,11,1.193210999645089,24.626676000025327,0,0,28
5,79,126,11,157.37666899985925,152.55643099953886,0,0,26
6,79,126,11,1210.3065569849605,1118.3995079859415,0,0,986
4,80,126,11,1.1617860000114888,0.5644420002681727,0,0,28
6,80,126,11,286.7080300015914,240.05980199854093,0,0,998
4,81,126,11,1.2534870002127718,1.545098000406142,0,0,28
5,81,126,11,106.21622699954969,81.55923199956305,0,0,27
6,81,126,11,1096.6369210054836,1004.7924370051078,0,0,1008
4,82,126,11,2.633005999996385,1.2360020000414806,0,0,28
5,82,126,11,85.12599000005139,68.33738999966954,0,0,27
6,82,126,11,480.46968101652965,455.3709580159193,0,0,1018
5,83,126,11,15.72291899992706,15.09942599977876,0,0,27
6,83,126,11,156.46352400062824,139.2105609988903,0,0,1028
4,84,126,11,1.031056000101671,0.5136889999448613,0,0,29
6,84,126,11,147.2918650097199,134.9663380092352,0,0,1041
5,85,126,11,31.485004999467492,31.35261899979014,0,0,28
6,85,126,11,1476.5374389876342,1414.8106619868486,0,0,1054
6,86,126,11,744.2351690006035,646.22909800255,0,0,1067
4,87,126,11,1.2717869999505638,0.6125689997134032,0,0,31
5,87,126,11,64.06854799979556,63.32548399996085,0,0,29
6,87,126,11,1190.4024919949734,987.1528649928223,0,0,1078
4,88,126,11,54.70810999986497,3.815784999915195,0,0,31
6,88,126,11,1067.7134249981464,864.6909879967097,0,0,1088
4,89,126,11,2.689853999982006,0.7706259998485621,0,0,31
6,89,126,11,1125.4817450053451,934.4980720065905,0,0,1099
5,90,126,11,145.02763000018604,134.82711699998617,0,0,31
6,90,126,11,797.3987010136625,714.8309910139687,0,0,1111
5,91,126,11,158.70897800004968,156.78761799972563,0,0,31
6,91,126,11,646.9413190002342,630.151140001999,0,0,1124
4,92,126,11,0.9843819998422987,0.460175000171148,0,0,33
5,92,126,11,13.182945000608015,12.633663000087836,0,0,31
6,92,126,11,295.97075699575726,303.84273999607103,0,0,1134
4,93,126,11,1.0758559997157136,0.5082989996481047,0,0,33
5,93,126,11,14.991008999459154,14.361569999437052,0,0,31
6,93,126,11,226.88715199956278,193.23849600004905,0,0,1150
4,94,126,11,1.134620999891922,0.5421680002655194,0,0,33
6,94,126,11,170.53251699917382,146.5895219967024,0,0,1164
4,95,126,11,0.9263319998353836,0.490163999984361,0,0,33
5,95,126,11,12.884609999673557,12.379450999560504,0,0,32
6,95,126,11,122.06773700199847,110.96863000238955,0,0,1181
6,96,126,11,205.54051799990702,213.55640099909579,0,0,1194
4,97,126,11,1.0057039999082917,0.4884689997197711,0,0,34
6,97,126,11,116.75991000674912,106.49947000592874,0,0,1208
5,98,126,11,13.360603999899467,12.855090999892127,0,0,34
6,98,126,11,202.50803599856226,188.31786899818326,0,0,1218
4,99,126,11,0.9899730002871365,0.461429999631946,0,0,35
5,99,126,11,13.421784000456682,12.731291000363854,0,0,34
6,99,126,11,120.51692500153877,105.82549000082508,0,0,1229
4,0,190,11,1.6308740000567923,0.8484040004077542,0,0,35
5,0,190,11,25.163282999983494,24.29003699990062,0,0,34
6,0,190,11,352.7095710105641,312.9581900084304,0,0,1231
4,1,190,11,1.588619999893126,2.367348999996466,0,0,35
5,1,190,11,151.10285799983103,179.11661800008005,0,0,34
6,1,190,11,380.52994401414253,351.71237001441114,0,0,1234
4,2,190,11,1.1923519996344112,0.5959250001978944,0,0,35
5,2,190,11,18.17583599995487,17.414948999885382,0,0,34
6,2,190,11,244.55744200167828,197.49145300329474,0,0,1237
4,3,190,11,1.3523979996534763,0.663530000110768,0,0,35
5,3,190,11,19.98900800026604,19.260061000295536,0,0,34
6,3,190,11,300.79673900763737,265.1967980059453,0,0,1239
4,4,190,11,1.3369409998631454,0.6488180001724686,0,0,35
5,4,190,11,20.77103999999963,20.04285799966965,0,0,34
6,4,190,11,416.44945100597397,431.03812100480354,0,0,1242
4,5,190,11,1.5335580001192284,0.7645569999112922,0,0,35
5,5,190,11,321.9557810002698,320.9744270002375,0,0,34
6,5,190,11,1983.2201130038811,1693.7000740035728,0,0,1245
4,6,190,11,1.36605999978201,0.680239999837795,0,0,35
5,6,190,11,20.767588000126125,20.07030200002191,0,0,34
6,6,190,11,270.9800729971903,242.11594099369904,0,0,1249
4,7,190,11,1.4981919998717785,0.7553720001851616,0,0,35
5,7,190,11,22.516503999668203,21.613075999539433,0,0,34
6,7,190,11,251.57522300696655,226.6521220112736,0,0,1250
4,8,190,11,1.2126159999752417,0.579903000016202,0,0,35
5,8,190,11,18.199725999693328,17.54670900027122,0,0,34
6,8,190,11,402.6425209954141,398.2500309975876,0,0,1253
4,9,190,11,2.7541449999262113,6.953782999971736,0,0,35
5,9,190,11,113.2174379999924,108.36001400002715,0,0,34
6,9,190,11,680.7121170086248,621.5330870077196,0,0,1257
5,10,190,11,28.415877999577788,27.445617000012135,0,0,34
6,10,190,11,331.6827459952947,285.1610049942792,0,0,1260
4,11,190,11,1.4305390000117768,0.6922030001987878,0,0,36
5,11,190,11,25.213212999915413,24.365017000491207,0,0,34
6,11,190,11,357.0433240179227,318.0851160182101,0,0,1262
4,12,190,11,1.4569519998985925,0.8980239999800688,0,0,36
5,12,190,11,22.92019700007586,22.151726000174676,0,0,34
6,12,190,11,431.82028998990063,390.51886899005694,0,0,1264
4,13,190,11,1.6934549998950388,0.6942149998394598,0,0,36
5,13,190,11,24.02874300014446,23.175036000338878,0,0,34
6,13,190,11,355.3617900010977,307.5367040041783,0,0,1265
4,14,190,11,1.933681000082288,2.695643999686581,0,0,36
6,14,190,11,571.0563960178661,528.193554016525,0,0,1269
4,15,190,11,2.17454900030134,0.7819219999873894,0,0,36
5,15,190,11,54.58905799969216,37.48784200024602,0,0,35
6,15,190,11,787.2709570087864,738.2797060067787,0,0,1271
4,16,190,11,1.659044999996695,0.994054999864602,0,0,36
5,16,190,11,25.67781300012939,24.736618000133603,0,0,35
6,16,190,11,344.802598010574,294.6741790124179,0,0,1276
4,17,190,11,1.3412889998107858,0.6664839997938543,0,0,36
5,17,190,11,24.122795000039332,23.268255999937537,0,0,35
6,17,190,11,342.57909398593256,295.83755198927975,0,0,1280
4,18,190,11,3.114881999863428,0.7647869997526868,0,0,36
5,18,190,11,27.16359600026408,26.123825000013312,0,0,35
6,18,190,11,730.2169560052789,626.9452010064924,0,0,1283
4,19,190,11,1.8558629999461118,0.8830429997033207,0,0,36
5,19,190,11,135.64177100033703,133.70916400026545,0,0,35
6,19,190,11,513.3565970072596,491.20124300725365,0,0,1285
4,20,190,11,1.3079459999971732,0.6549949998770899,0,0,36
5,20,190,11,20.49713900032657,19.797857999947155,0,0,35
6,20,190,11,293.605641987142,269.1219689868376,0,0,1287
4,21,190,11,1.2083229999007017,0.5902660000174365,0,0,36
5,21,190,11,18.632324999998673,17.93576300042332,0,0,35
6,21,190,11,292.34792399893195,251.1171829992236,0,0,1289
4,22,190,11,1.3621729999613308,0.6604380000680976,0,0,36
5,22,190,11,20.1345720001882,19.39682400006859,0,0,35
6,22,190,11,275.7914089957012,245.21418199492473,0,0,1295
4,23,190,11,1.5475089999199554,0.7696440002291638,0,0,36
5,23,190,11,23.884838999947533,23.056376000113232,0,0,35
6,23,190,11,336.8073199853825,295.3089609836752,0,0,1298
4,24,190,11,1.3435690002552292,0.6464640000558575,0,0,36
5,24,190,11,20.093667000310234,19.19146600039312,0,0,35
6,24,190,11,264.8098719982954,231.54654499603566,0,0,1301
4,25,190,11,1.3099039997541695,0.6489299998975184,0,0,36
5,25,190,11,20.362505999855784,19.711691999873437,0,0,35
6,25,190,11,279.086525000821,248.74745700208223,0,0,1303
4,26,190,11,1.8564040001365356,0.6806119999964722,0,0,36
5,26,190,11,23.08085000004212,22.343981999711104,0,0,35
6,26,190,11,256.5732520151869,228.75711501546903,0,0,1307
4,27,190,11,1.2893289999738045,0.6320040001810412,0,0,36
5,27,190,11,20.893983999940247,20.276863000162848,0,0,35
6,27,190,11,275.71213699638975,246.3992149951082,0,0,1312
4,28,190,11,1.3085489999866695,0.6764570002815162,0,0,36
5,28,190,11,20.513767000011285,19.74626800029,0,0,35
6,28,190,11,276.45870599644695,251.85547499904715,0,0,1314
5,29,190,11,18.33816199996363,17.695166000521567,0,0,35
6,29,190,11,274.0856660020654,239.2909320024046,0,0,1314
4,30,190,11,1.3176869997550966,0.6037850002940104,0,0,37
5,30,190,11,18.30285100004403,17.63043099981587,0,0,35
6,30,190,11,234.8470399829239,207.44204498123509,0,0,1319
4,31,190,11,1.1904749999303021,0.5898429999433574,0,0,37
5,31,190,11,17.875862000437337,17.236352000509214,0,0,35
6,31,190,11,275.873469000544,246.8997830023909,0,0,1320
4,32,190,11,1.2058170000273094,0.6569580000359565,0,0,37
5,32,190,11,19.254722999903606,18.525157000112813,0,0,35
6,32,190,11,268.71668200328713,240.6734140045046,0,0,1328
4,33,190,11,1.3623770000776858,0.615425999967556,0,0,37
5,33,190,11,19.19411900007617,18.507466000301065,0,0,35
6,33,190,11,188.13487999932477,166.02493400023377,0,0,1330
4,34,190,11,3.147460000036517,1.7887869998958195,0,0,37
5,34,190,11,34.87770699985049,44.549185000050784,0,0,35
6,34,190,11,392.14652098917213,351.27246499132525,0,0,1331
4,35,190,11,1.942532000157371,0.7167529997786914,0,0,37
5,35,190,11,25.89182500014431,24.882188999981736,0,0,35
6,35,190,11,302.5132919956377,265.21950599681077,0,0,1334
4,36,190,11,1.397464000092441,0.915389000056166,0,0,37
5,36,190,11,23.393471999952453,22.571848000097816,0,0,35
6,36,190,11,342.0161959925281,301.5291129927391,0,0,1336
4,37,190,11,1.3645019998875796,0.6608830003642652,0,0,37
5,37,190,11,21.128280000084487,20.4230910003389,0,0,35
6,37,190,11,271.55242900198573,240.16104900192659,0,0,1340
4,38,190,11,1.5711860000919842,0.6600309998248122,0,0,37
5,38,190,11,22.306713000489253,21.337648000098852,0,0,35
6,38,190,11,370.22023301506124,331.5809330160846,0,0,1344
4,39,190,11,1.328390000253421,0.6575370002792624,0,0,37
6,39,190,11,346.4022760190346,274.4145510173439,0,0,1345
6,40,190,11,408.0232059941409,361.9146359960723,0,0,1350
4,41,190,11,1.6610019997642667,0.7530079997195571,0,0,38
5,41,190,11,23.74918899977274,22.955832999741688,0,0,36
6,41,190,11,333.68910000626784,295.61549900336104,0,0,1352
4,42,190,11,1.594769000348606,0.8062489996518707,0,0,38
5,42,190,11,25.204443999882642,24.10875900022802,0,0,36
6,42,190,11,309.12833899674297,273.9753719993132,0,0,1353
4,43,190,11,1.384957000027498,0.6905700001880177,0,0,38
5,43,190,11,23.400456000217673,22.55026300008467,0,0,36
6,43,190,11,347.12488498553284,303.93729698607785,0,0,1358
4,44,190,11,1.591056000052049,0.7373550001830154,0,0,38
5,44,190,11,22.445778000019345,21.862059999875783,0,0,36
6,44,190,11,347.43658399384003,307.07587999222596,0,0,1361
4,45,190,11,5.977146000077482,8.919558999878063,0,0,38
5,45,190,11,24.05231400007324,23.1649870002002,0,0,36
6,45,190,11,299.7018170149204,267.07795300990256,0,0,1363
4,46,190,11,1.9248939997851267,0.7467350001206796,0,0,38
5,46,190,11,24.008660000163218,22.923031000573246,0,0,36
6,46,190,11,372.324696002579,335.14771100317375,0,0,1371
4,47,190,11,1.4808959999754734,0.700929999766231,0,0,38
5,47,190,11,27.652442999624327,25.97628400008034,0,0,36
6,47,190,11,520.7470269970145,589.1888289975213,0,0,1373
4,48,190,11,1.8420629999127414,0.7634200001120917,0,0,38
5,48,190,11,26.518530000430474,25.113940000210278,0,0,36
6,48,190,11,1072.1861390011327,994.9430630008465,0,0,1381
4,49,190,11,1.2783259999196162,0.6149020000520977,0,0,38
5,49,190,11,20.324533999882988,19.60436600029425,0,0,36
6,49,190,11,477.4522819889171,406.47293498750514,0,0,1388
4,50,190,11,1.4242160000321746,0.7149620000745927,0,0,38
5,50,190,11,22.33613099951981,21.60080899921013,0,0,36
6,50,190,11,292.6058599928183,262.8171349929289,0,0,1392
4,51,190,11,1.5083399998729874,0.7614060000378231,0,0,38
6,51,190,11,373.4868540013849,309.87181500131555,0,0,1398
4,52,190,11,2.2295449998637196,0.9856159999799274,0,0,38
5,52,190,11,150.68556900041585,149.74446399992303,0,0,37
6,52,190,11,834.4210009945527,801.9352099972821,0,0,1399
4,53,190,11,1.3305940001373529,0.6368500003191002,0,0,38
5,53,190,11,19.976053999471333,19.25952299961864,0,0,37
6,53,190,11,220.38831800909975,197.1941630076799,0,0,1400
4,54,190,11,1.2192909998702817,0.5926260000705952,0,0,38
5,54,190,11,18.700380999689514,18.000465000113763,0,0,37
6,54,190,11,253.32908500377016,221.75189700237752,0,0,1402
4,55,190,11,1.2378809997244389,0.5831729999954405,0,0,38
5,55,190,11,18.27608900021005,17.629678000048443,0,0,37
6,55,190,11,227.96327199785082,202.7280360007353,0,0,1403
5,56,190,11,18.518852999932278,17.860620000192284,0,0,37
6,56,190,11,365.42791998999746,286.21000699104115,0,0,1405
4,57,190,11,1.725835999877745,0.8463220001431182,0,0,39
6,57,190,11,317.2038529987731,280.6601100014632,0,0,1407
4,58,190,11,1.2311229997976625,0.6089280000196595,0,0,39
5,58,190,11,18.83136700007526,18.186450000030163,0,0,38
6,58,190,11,287.2963230120149,271.878167012801,0,0,1410
4,59,190,11,2.648849999786762,0.9210609996443964,0,0,39
5,59,190,11,30.986103000032017,30.26404799993543,0,0,38
6,59,190,11,271.82215901075324,241.58291101139184,0,0,1410
4,60,190,11,1.2345689997346199,0.6931369998710579,0,0,39
5,60,190,11,18.902047000210587,18.2430990003013,0,0,38
6,60,190,11,292.02803200269045,252.95730300149444,0,0,1414
4,61,190,11,1.311884999722679,0.748273000226618,0,0,39
5,61,190,11,19.929222999962803,19.22971600015444,0,0,38
6,61,190,11,214.9533799870369,188.47677698613552,0,0,1415
4,62,190,11,1.2929239996992692,0.6318069999906584,0,0,39
5,62,190,11,20.69261699944036,19.933493999360508,0,0,38
6,62,190,11,276.3907919920712,196.47889299358212,0,0,1417
4,63,190,11,1.7900950001603633,0.8855760002006718,0,0,39
5,63,190,11,27.535989000170957,26.488357999824075,0,0,38
6,63,190,11,288.49963699713044,259.1757729960591,0,0,1419
4,64,190,11,1.2617689999387949,0.5955840001661272,0,0,39
5,64,190,11,19.190122000054544,18.522218999805773,0,0,38
6,64,190,11,251.72846599343757,219.22445199697904,0,0,1422
5,65,190,11,18.92842000006567,18.257296000228962,0,0,38
6,65,190,11,257.7781830004824,227.6877630015406,0,0,1426
4,66,190,11,1.2743319998662628,0.599601999965671,0,0,40
5,66,190,11,18.53451099987069,17.73552299982839,0,0,38
6,66,190,11,250.08867500855558,223.10245200878853,0,0,1428
4,67,190,11,1.2702090002676414,0.5842450000272947,0,0,40
5,67,190,11,17.92210299981889,17.238903999896138,0,0,38
6,67,190,11,344.862896012728,291.04972001232454,0,0,1430
4,68,190,11,15.54339800031812,0.9327080001639843,0,0,40
5,68,190,11,79.77046600035465,79.69290900018677,0,0,38
6,68,190,11,487.47857198168276,455.65993698164675,0,0,1432
4,69,190,11,1.2793189998774324,0.609345000157191,0,0,40
5,69,190,11,18.922299999758252,18.20294399976774,0,0,38
6,69,190,11,269.3644279875116,235.12241498565345,0,0,1435
4,70,190,11,1.4004149998072535,0.6276369999795861,0,0,40
5,70,190,11,20.22864800028401,19.499226000334602,0,0,38
6,70,190,11,354.18572398930337,317.76282298869774,0,0,1438
4,71,190,11,1.3385100000959937,0.6448840003940859,0,0,40
5,71,190,11,19.854362000387482,19.136801000058767,0,0,38
6,71,190,11,281.9907659895762,253.53819899146401,0,0,1442
4,72,190,11,1.2107419997846591,0.5940940000073169,0,0,40
5,72,190,11,18.462958999862167,17.83157099998789,0,0,38
6,72,190,11,306.58952500425585,258.21472500456366,0,0,1446
4,73,190,11,1.3692060001631035,0.6643370002166193,0,0,40
5,73,190,11,20.827180999731354,20.098073000099248,0,0,38
6,73,190,11,279.2489820149058,248.73155601426333,0,0,1453
4,74,190,11,1.2994230000913376,0.6012570001985296,0,0,40
5,74,190,11,19.076317000326526,18.409900999813544,0,0,38
6,74,190,11,271.2860320070831,233.6046710061055,0,0,1456
4,75,190,11,1.2472220000745438,0.5772810000053141,0,0,40
5,75,190,11,18.266343999584933,17.577524999978777,0,0,38
6,75,190,11,209.10855900228853,184.68359000007695,0,0,1460
4,76,190,11,1.287244000195642,0.5817129999741155,0,0,40
5,76,190,11,17.81755499996507,17.09320400004799,0,0,38
6,76,190,11,260.6770380079979,231.89413500767841,0,0,1465
4,77,190,11,1.1974190001637908,0.5869659999007126,0,0,40
5,77,190,11,18.375100999492133,17.693878999580193,0,0,38
6,77,190,11,247.7790080097293,218.14684900891734,0,0,1468
4,78,190,11,1.5924429999358836,0.7030500000837492,0,0,40
6,78,190,11,383.7578230009058,345.771609998792,0,0,1470
4,79,190,11,1.4831710000180465,0.8018749999791908,0,0,40
5,79,190,11,21.85377800014976,21.108274000198435,0,0,39
6,79,190,11,222.75070499745198,184.03538699976707,0,0,1473
4,80,190,11,1.2905140001748805,0.6154920001790742,0,0,40
5,80,190,11,20.36915799953931,19.67633399999613,0,0,39
6,80,190,11,209.50089700045282,187.66255400123555,0,0,1476
5,81,190,11,18.188194999765983,17.500247999578278,0,0,39
6,81,190,11,230.15111900576812,200.6456540061663,0,0,1479
4,82,190,11,1.2629149996428168,0.8465720002277521,0,0,41
5,82,190,11,19.167126000411372,18.493146999844612,0,0,39
6,82,190,11,237.53079101152252,252.2932340107218,0,0,1481
4,83,190,11,1.3463479999700212,0.655571000152122,0,0,41
5,83,190,11,19.810978000350588,19.222033000005467,0,0,39
6,83,190,11,253.9456709928345,206.1064399940733,0,0,1484
4,84,190,11,1.59122099967135,0.7645129999218625,0,0,41
5,84,190,11,22.803292000389774,21.920481000506697,0,0,39
6,84,190,11,319.5704370173189,283.70632401538387,0,0,1485
4,85,190,11,1.2893779999103572,0.5772149997937959,0,0,41
5,85,190,11,18.312210999738454,17.629141000270465,0,0,39
6,85,190,11,549.9843300090106,453.8286340089144,0,0,1487
4,86,190,11,1.6557980002289696,0.7254809997903067,0,0,41
5,86,190,11,21.683420000044862,20.839335000346182,0,0,39
6,86,190,11,359.3207689928022,293.82218299315355,0,0,1490
4,87,190,11,1.6700730002412456,0.8091869999589107,0,0,41
5,87,190,11,24.898496999867348,24.011470999994344,0,0,39
6,87,190,11,380.40353201176913,280.88376101231916,0,0,1494
4,88,190,11,1.3399120002759446,0.6551559999934398,0,0,41
5,88,190,11,18.87091300022803,18.133304999992106,0,0,39
6,88,190,11,226.8060440010231,200.55958800230655,0,0,1496
4,89,190,11,1.3345259999368864,0.6530850000672217,0,0,41
5,89,190,11,20.110161000502558,19.432310000411235,0,0,39
6,89,190,11,293.35192200323945,257.4606130015127,0,0,1499
4,90,190,11,1.2659200001507998,0.649171000077331,0,0,41
5,90,190,11,18.491866000204027,17.824792000283196,0,0,39
6,90,190,11,278.97965100737565,245.54126300608914,0,0,1502
4,91,190,11,1.2767829998665547,0.689634000082151,0,0,41
5,91,190,11,18.74029500049801,17.998833000092418,0,0,39
6,91,190,11,299.83514600462513,280.7733330005249,0,0,1507
4,92,190,11,1.932028000283026,2.5570749999133113,0,0,41
5,92,190,11,145.79582500027755,140.4964509997626,0,0,39
6,92,190,11,282.32154499437456,230.03886999504175,0,0,1507
4,93,190,11,1.798723999854701,0.9311450003224309,0,0,41
5,93,190,11,71.64509400035968,82.40392500010785,0,0,39
6,93,190,11,1414.565281004343,1308.2237230009923,0,0,1510
4,94,190,11,1.225856000019121,0.5920019998484349,0,0,41
5,94,190,11,18.823936999979196,18.170363000081124,0,0,39
6,94,190,11,659.6046680074323,515.4210740083727,0,0,1515
4,95,190,11,3.889790999892284,1.395200999922963,0,0,41
5,95,190,11,64.62989399960861,61.03233199974056,0,0,39
6,95,190,11,1783.62582500813,1537.280294010543,0,0,1521
4,96,190,11,2.4534740000490274,1.2818099999094557,0,0,41
5,96,190,11,114.81989000003523,111.21937100006107,0,0,39
6,96,190,11,1223.6798269991596,992.1234909966188,0,0,1522
4,97,190,11,5.875110000033601,0.8687670001563674,0,0,41
5,97,190,11,455.4198139999244,332.0177660002628,0,0,39
6,97,190,11,1565.3776770050172,1440.2353370060155,0,0,1527
4,98,190,11,6.080437000036909,1.2404220001371868,0,0,41
5,98,190,11,48.37628300037977,40.21546700005274,0,0,39
6,98,190,11,940.9890800102403,776.2317350129706,0,0,1529
4,99,190,11,1.404614999955811,0.6790970001020469,0,0,41
5,99,190,11,28.758417000062764,27.925496000079875,0,0,39
6,99,190,11,318.2858740028678,287.69954700328526,0,0,1532
4,0,252,11,1.6677559997333447,0.76179100005902,0,0,41
5,0,252,11,25.19193499983885,24.297412999658263,0,0,39
6,0,252,11,428.51854900163744,373.01247399864224,0,0,1532
4,1,252,11,2.5024569999914092,1.1379790003047674,0,0,41
5,1,252,11,30.971655000030296,29.774767000162683,0,0,39
6,1,252,11,461.6941260010208,353.4040970030219,0,0,1533
4,2,252,11,1.819281999814848,0.873434999903111,0,0,41
5,2,252,11,28.198031000101764,27.273706000414677,0,0,39
6,2,252,11,635.849248012164,505.0604410107553,0,0,1533
4,3,252,11,2.061117999801354,0.9719730001052085,0,0,41
5,3,252,11,32.37649299990153,31.214393000027485,0,0,39
6,3,252,11,510.6215339951632,451.32570999612653,0,0,1535
4,4,252,11,5.649374999848078,1.1470199997347663,0,0,41
5,4,252,11,37.802808999913395,36.621525999635196,0,0,39
6,4,252,11,431.9604819934284,387.82159099400815,0,0,1535
4,5,252,11,2.278627000123379,0.8506049998686649,0,0,41
5,5,252,11,126.94987600025343,123.72880900011296,0,0,39
6,5,252,11,531.1029609965772,459.83899699376707,0,0,1536
4,6,252,11,1.946729999872332,0.8949650000431575,0,0,41
5,6,252,11,30.00567199978832,28.9837489999627,0,0,39
6,6,252,11,393.191348993696,349.8118969932875,0,0,1537
4,7,252,11,1.8037330000879592,3.572866000013164,0,0,41
5,7,252,11,30.868399999690155,29.762002999632386,0,0,39
6,7,252,11,358.9408760058177,319.3920670096304,0,0,1539
4,8,252,11,1.6561739998905978,0.8035920000111219,0,0,41
5,8,252,11,25.62525600023946,24.68656600058239,0,0,39
6,8,252,11,430.89753801586994,383.4066320173406,0,0,1541
4,9,252,11,1.7556379998495686,0.7791309999447549,0,0,41
5,9,252,11,25.959202000194637,25.00000100053512,0,0,39
6,9,252,11,446.0653680012001,351.05098699887094,0,0,1541
4,10,252,11,1.9916119999834336,0.9932379998645047,0,0,41
5,10,252,11,30.943339000259584,29.90513600025224,0,0,39
6,10,252,11,459.00470601100096,407.1694790109177,0,0,1542
4,11,252,11,1.673492999998416,0.8109499999591208,0,0,41
5,11,252,11,25.516684999729478,24.702706999960355,0,0,39
6,11,252,11,366.5177649886573,323.8666159850254,0,0,1542
4,12,252,11,1.642835999973613,0.7707960003244807,0,0,41
5,12,252,11,26.34651300013502,25.417973000458005,0,0,39
6,12,252,11,253.4410329963066,225.34351599551883,0,0,1542
4,13,252,11,1.690019999841752,0.7712729998274881,0,0,41
5,13,252,11,25.405444000170974,24.618148999707046,0,0,39
6,13,252,11,370.4090590103988,325.3318800125271,0,0,1543
4,14,252,11,1.5824259999135393,0.8015399998839712,0,0,41
5,14,252,11,24.888431999897875,24.073320999832504,0,0,39
6,14,252,11,394.8505750145159,339.14853101259723,0,0,1543
4,15,252,11,1.7720349997034646,0.8787890001258347,0,0,41
5,15,252,11,26.998704000106954,26.057390000005398,0,0,39
6,15,252,11,418.1633200005308,375.2186229999097,0,0,1544
4,16,252,11,1.7303150002589973,0.7935090002320067,0,0,41
5,16,252,11,26.559183000244957,25.64592300041113,0,0,39
6,16,252,11,399.65094099989074,356.6932339995219,0,0,1546
4,17,252,11,1.654361999953835,0.7821060003152525,0,0,41
5,17,252,11,26.378552000096533,25.368474000060814,0,0,39
6,17,252,11,487.677725015601,433.12528501201086,0,0,1549
4,18,252,11,1.7097079999075504,0.8214909998969233,0,0,41
5,18,252,11,25.86377600027845,24.91213900020739,0,0,39
6,18,252,11,492.3017440014519,438.4535470062474,0,0,1549
4,19,252,11,1.7870470001071226,0.8708770001248922,0,0,41
5,19,252,11,28.69271400004436,27.686732999882224,0,0,39
6,19,252,11,405.8571179966748,373.83075699790425,0,0,1550
4,20,252,11,1.874791999853187,0.9652240000832535,0,0,41
5,20,252,11,26.541604999692936,25.63974499980759,0,0,39
6,20,252,11,592.18262498689,441.5164439869841,0,0,1551
4,21,252,11,2.1800300000904826,1.12505000015517,0,0,41
5,21,252,11,99.82720400057588,102.4415140000201,0,0,39
6,21,252,11,2281.3443709983403,2079.5861549959227,0,0,1551
4,22,252,11,2.017135999722086,0.954861000082019,0,0,41
5,22,252,11,37.751535999632324,36.52072299973952,0,0,39
6,22,252,11,401.0267480002767,356.2773120006568,0,0,1553
4,23,252,11,1.611630999832414,0.7983290001902787,0,0,41
5,23,252,11,25.194381999881443,24.259777999759535,0,0,39
6,23,252,11,543.9890309994553,410.88719200070045,0,0,1554
4,24,252,11,1.969981000002008,0.9554200000820856,0,0,41
5,24,252,11,30.19715999971595,29.162274999634974,0,0,39
6,24,252,11,376.5887190056674,327.61341200694005,0,0,1556
4,25,252,11,1.8672780001907086,0.8889959999578423,0,0,41
5,25,252,11,29.07875700020668,28.10796100038715,0,0,39
6,25,252,11,344.480636991193,307.86777899220397,0,0,1556
4,26,252,11,1.5535860002273694,0.7786119999764196,0,0,41
5,26,252,11,24.792871000045125,23.895482000170887,0,0,39
6,26,252,11,402.31191400062016,355.70898400283113,0,0,1558
4,27,252,11,1.7611969997233246,0.8372269999199489,0,0,41
5,27,252,11,28.079408999474254,27.006756999981008,0,0,39
6,27,252,11,581.085267997878,431.77756100112674,0,0,1559
4,28,252,11,1.8010020003202953,0.8397320002586639,0,0,41
5,28,252,11,31.431802000042808,30.41860099983751,0,0,39
6,28,252,11,518.0484679999608,433.73874300141324,0,0,1560
4,29,252,11,1.638615000047139,0.7672770002500329,0,0,41
5,29,252,11,26.206420000107755,25.306586000169773,0,0,39
6,29,252,11,375.60741700599465,331.30074200380477,0,0,1561
4,30,252,11,1.6642430000501918,0.8210420000978047,0,0,41
5,30,252,11,25.339767999867036,24.456213000121352,0,0,39
6,30,252,11,364.0779519887474,334.1435429892954,0,0,1562
4,31,252,11,1.7871259997264133,0.8841189996928733,0,0,41
5,31,252,11,32.25803600025756,31.285510000088834,0,0,39
6,31,252,11,391.49617000612125,352.4001760074498,0,0,1563
4,32,252,11,1.6166189998330083,0.791914999808796,0,0,41
5,32,252,11,24.650750000091648,23.925310000322497,0,0,39
6,32,252,11,684.3626949980717,335.8701869960896,0,0,1564
4,33,252,11,2.305519999936223,1.166336000096635,0,0,41
5,33,252,11,53.73879799981296,35.46631000017442,0,0,39
6,33,252,11,634.4574059962724,592.8705739975157,0,0,1564
4,34,252,11,1.560555000196473,0.8317699998769967,0,0,41
5,34,252,11,25.08058500052357,24.252019000414293,0,0,39
6,34,252,11,317.88159299594554,280.92138399642863,0,0,1565
4,35,252,11,1.7282989997511322,0.8540710000488616,0,0,41
5,35,252,11,27.83606499997404,26.93993799994132,0,0,39
6,35,252,11,382.76571799497106,341.44760399203733,0,0,1567
4,36,252,11,1.6227819996856852,0.7573150001007889,0,0,41
5,36,252,11,25.005141999827174,24.04622899939568,0,0,39
6,36,252,11,377.3815039926376,332.3944139915511,0,0,1570
4,37,252,11,1.7573339996488357,0.810667000223475,0,0,41
5,37,252,11,27.509327000188932,26.50053899969862,0,0,39
6,37,252,11,436.84483399647434,383.7048679961299,0,0,1572
4,38,252,11,2.049538999926881,0.8705059999556397,0,0,41
5,38,252,11,29.2178069998954,28.225988000031066,0,0,39
6,38,252,11,360.20572698316755,318.44752998176773,0,0,1572
4,39,252,11,1.7039639997165068,0.7672289998481574,0,0,41
5,39,252,11,25.043634000212478,24.178747999940242,0,0,39
6,39,252,11,454.9342549962603,414.4336369959092,0,0,1573
4,40,252,11,1.671241000167356,0.7924010001261195,0,0,41
5,40,252,11,27.0354860003863,26.14326000048095,0,0,39
6,40,252,11,324.85601500411576,282.44433600502816,0,0,1574
4,41,252,11,1.8798080000124173,0.9025070003190194,0,0,41
5,41,252,11,29.49363199968502,28.51023199946212,0,0,39
6,41,252,11,404.37824500668285,357.7489560052527,0,0,1575
4,42,252,11,2.0352470000943867,0.8400789997722313,0,0,41
5,42,252,11,30.95619199984867,30.100433000370685,0,0,39
6,42,252,11,358.43101099362684,320.22221499437364,0,0,1576
4,43,252,11,1.5228080001179478,0.7108320000952517,0,0,41
5,43,252,11,24.199749000217707,23.423537000326178,0,0,39
6,43,252,11,254.33942400650267,219.66497800622165,0,0,1577
4,44,252,11,1.6139710000970808,0.7896889997027756,0,0,41
5,44,252,11,25.406641999325075,24.459575999571825,0,0,39
6,44,252,11,358.72172200697605,314.8345750050794,0,0,1577
4,45,252,11,1.6361430002689303,0.7960210000419465,0,0,41
5,45,252,11,27.353289000075165,26.43249500033562,0,0,39
6,45,252,11,374.50389800324047,330.32156500121346,0,0,1580
4,46,252,11,1.7668420000518381,0.9065010003723728,0,0,41
5,46,252,11,27.44972000073176,26.543043000401667,0,0,39
6,46,252,11,455.9499620140741,403.6701920140331,0,0,1584
4,47,252,11,1.9392939998397196,0.8054649997575325,0,0,41
5,47,252,11,26.230696000311582,25.232746000256157,0,0,39
6,47,252,11,415.0275220208641,372.7866480217017,0,0,1586
4,48,252,11,1.5869660001044394,0.7772009998916474,0,0,41
5,48,252,11,24.066685999969195,23.248629000136134,0,0,39
6,48,252,11,398.3513399957701,350.81170599460165,0,0,1586
4,49,252,11,1.6258149998975568,0.753921000068658,0,0,41
5,49,252,11,25.775753000289114,24.854679999862128,0,0,39
6,49,252,11,457.2049680100463,401.25929100759095,0,0,1586
4,50,252,11,2.988828000070498,15.385884999886912,0,0,41
5,50,252,11,103.12031699959334,97.5081839997074,0,0,39
6,50,252,11,2201.2691290015027,1969.3538620031177,0,0,1586
4,51,252,11,14.627994999955263,1.1470480003481498,0,0,41
5,51,252,11,212.0967999999266,242.44611199992505,0,0,39
6,51,252,11,1305.0985429963475,1111.3464509980986,0,0,1586
4,52,252,11,1.8781750000016473,0.906771999780176,0,0,41
5,52,252,11,28.129565000199364,27.125432000048022,0,0,39
6,52,252,11,441.8098210012431,349.04825200010237,0,0,1587
4,53,252,11,1.6947449998951924,0.7935439998618676,0,0,41
5,53,252,11,27.003014999991137,25.968652999836195,0,0,39
6,53,252,11,367.54118699536775,322.8832719978527,0,0,1588
4,54,252,11,1.7850170002020604,0.8236700000452402,0,0,41
5,54,252,11,56.47345400029735,51.160631000584544,0,0,39
6,54,252,11,760.3754579822635,708.8520339821116,0,0,1588
4,55,252,11,1.6712860001462104,0.7857690002310846,0,0,41
5,55,252,11,26.121001000319666,25.24300300046889,0,0,39
6,55,252,11,343.1486559939003,299.76716099463374,0,0,1589
4,56,252,11,1.6153090000443626,0.7566539998151711,0,0,41
5,56,252,11,24.69956799995998,23.736598000141385,0,0,39
6,56,252,11,777.2409099975448,530.6123379996279,0,0,1589
4,57,252,11,13.546909000069718,17.129325000041717,0,0,41
5,57,252,11,459.572936999848,459.8142539998662,0,0,39
6,57,252,11,2680.7737480003198,2401.361191999513,0,0,1590
4,58,252,11,2.4801260001368064,1.1881129998982942,0,0,41
5,58,252,11,47.81234400024914,46.51493400024265,0,0,39
6,58,252,11,833.4068890185335,761.581769017539,0,0,1591
4,59,252,11,4.658223000205908,1.3492830003087875,0,0,41
5,59,252,11,48.335299999962444,46.92172400018535,0,0,39
6,59,252,11,799.5666940105366,724.487078011407,0,0,1592
4,60,252,11,2.6573410000310105,1.2087029999747756,0,0,41
5,60,252,11,41.467989000011585,40.012171000398666,0,0,39
6,60,252,11,949.9330870007725,873.3036889989307,0,0,1592
4,61,252,11,3.15359600017473,1.5202610002233996,0,0,41
5,61,252,11,54.591160000200034,52.84336499971687,0,0,39
6,61,252,11,1176.7510350132397,1068.865037010255,0,0,1592
4,62,252,11,2.6574519997666357,1.245937000021513,0,0,41
5,62,252,11,46.6965849996086,45.197052999810694,0,0,39
6,62,252,11,945.9419940112639,844.1489210108557,0,0,1595
4,63,252,11,2.6170399996772176,1.2218520000715216,0,0,41
5,63,252,11,45.65614899956927,44.20717399989371,0,0,39
6,63,252,11,976.1916240017854,845.7863430030557,0,0,1596
4,64,252,11,3.8706489999640326,11.83364899998196,0,0,41
5,64,252,11,145.31039399980727,136.4302530000714,0,0,39
6,64,252,11,2347.567041987986,1860.332012985964,0,0,1599
4,65,252,11,2.5670009999885224,1.296747000196774,0,0,41
5,65,252,11,182.43320600004154,182.68183899999713,0,0,39
6,65,252,11,1910.8619780095069,1696.1626150082338,0,0,1599
4,66,252,11,2.0237659996382718,0.9387969998897461,0,0,41
5,66,252,11,30.679097000302136,29.5260729999427,0,0,39
6,66,252,11,1025.4990829912458,600.5101019895847,0,0,1600
4,67,252,11,1.7304969996985164,0.8477729998048744,0,0,41
5,67,252,11,46.84855299956325,46.01585099953809,0,0,39
6,67,252,11,833.2444409998061,793.9782559997184,0,0,1600
4,68,252,11,1.69750999975804,0.8468440000797273,0,0,41
5,68,252,11,25.083611000354722,24.219034000452666,0,0,39
6,68,252,11,663.7581160052832,619.3241950027186,0,0,1601
4,69,252,11,2.513572999760072,1.3404440001067996,0,0,41
5,69,252,11,31.12830500003838,30.160596999849076,0,0,39
6,69,252,11,444.6079599947552,397.0840409947414,0,0,1601
4,70,252,11,1.7912429998432344,0.8143940003719763,0,0,41
5,70,252,11,26.966216999881,26.051819999793224,0,0,39
6,70,252,11,330.7828209976833,292.6769529972262,0,0,1602
4,71,252,11,1.6258199998446798,0.7722810000814206,0,0,41
5,71,252,11,26.104545000180224,25.130503999662324,0,0,39
6,71,252,11,467.8546050095065,399.65913200649084,0,0,1602
4,72,252,11,1.9656969998322893,0.9436949999326316,0,0,41
5,72,252,11,29.74371499976769,28.657799999564304,0,0,39
6,72,252,11,430.87220698816964,370.92763498822023,0,0,1603
4,73,252,11,2.303236999978253,1.0902969997914624,0,0,41
5,73,252,11,34.86249100023997,33.795394000208034,0,0,39
6,73,252,11,573.7637249976615,499.0763659993718,0,0,1604
4,74,252,11,1.815105999867228,0.8949640000537329,0,0,41
5,74,252,11,28.133488000094076,27.08698700007517,0,0,39
6,74,252,11,380.7982590037682,333.3985670055881,0,0,1605
4,75,252,11,1.6851909999786585,0.8524019999640586,0,0,41
5,75,252,11,25.40056200041363,24.55677600028139,0,0,39
6,75,252,11,746.4761559931503,666.1981859924708,0,0,1606
4,76,252,11,1.6343689999303024,0.7748760003778443,0,0,41
5,76,252,11,25.59228699965388,24.769796999862592,0,0,39
6,76,252,11,367.47387500145123,322.8988760033644,0,0,1606
4,77,252,11,2.171487000396155,1.0904050000135612,0,0,41
5,77,252,11,34.46619800024564,33.19664999980887,0,0,39
6,77,252,11,496.7679389988007,439.9474269989696,0,0,1609
4,78,252,11,1.8586639998829924,0.9153860000878922,0,0,41
5,78,252,11,29.84797599947342,28.943909999725292,0,0,39
6,78,252,11,415.5260299935435,370.23397299662975,0,0,1612
4,79,252,11,1.7723549999573152,0.8659720001560345,0,0,41
5,79,252,11,28.5812849992908,27.561010999761493,0,0,39
6,79,252,11,440.0090289941545,386.582814996018,0,0,1612
4,80,252,11,1.7075209998438368,0.8906839998417126,0,0,41
5,80,252,11,26.95791999985886,26.025134999599686,0,0,39
6,80,252,11,337.2516379931767,298.77608399374367,0,0,1614
4,81,252,11,1.7121390001193504,0.7697789997109794,0,0,41
5,81,252,11,26.541874000031385,25.580581999747665,0,0,39
6,81,252,11,450.1838140081418,401.7508080069092,0,0,1615
4,82,252,11,1.5809460001037223,0.7579030002489162,0,0,41
5,82,252,11,25.212194000232557,24.103698000089935,0,0,39
6,82,252,11,452.67374800914695,396.1565340064226,0,0,1615
4,83,252,11,1.801271999738674,0.8362250000573113,0,0,41
5,83,252,11,29.053643999759515,28.06099199960954,0,0,39
6,83,252,11,486.7300890109618,422.7218530108985,0,0,1616
4,84,252,11,4.375480999897263,0.9718619999148359,0,0,41
5,84,252,11,32.782509999833565,31.23694300029456,0,0,39
6,84,252,11,856.9059870119418,600.0974190110355,0,0,1617
4,85,252,11,3.793355000198062,1.936788999955752,0,0,41
5,85,252,11,193.64526199979082,249.64992800005348,0,0,39
6,85,252,11,1517.0366939833002,1466.171246981503,0,0,1617
4,86,252,11,1.7520139999760431,0.8270089997495234,0,0,41
5,86,252,11,27.490338000006886,26.367413999651035,0,0,39
6,86,252,11,387.18957900391615,346.79812200147353,0,0,1619
4,87,252,11,1.8460730002516357,0.8531660000699048,0,0,41
5,87,252,11,35.940340000252036,33.433194999815896,0,0,39
6,87,252,11,519.8701190161046,465.27400601598856,0,0,1620
4,88,252,11,2.243931000066368,1.0620580001159396,0,0,41
5,88,252,11,37.25839500020811,35.860846000105084,0,0,39
6,88,252,11,372.04683901245517,331.67081101055373,0,0,1620
4,89,252,11,1.8699399997785804,0.9414460000698455,0,0,41
5,89,252,11,39.20706200005952,38.0945010006144,0,0,39
6,89,252,11,413.4124450006311,367.4718999996003,0,0,1620
4,90,252,11,1.6340229999514122,0.7841820001885935,0,0,41
5,90,252,11,26.531151000199316,25.605308000194782,0,0,39
6,90,252,11,424.835091998375,378.1238699984897,0,0,1621
4,91,252,11,1.8426370002089243,0.8444049999525305,0,0,41
5,91,252,11,28.749055999924167,27.75439999959417,0,0,39
6,91,252,11,487.1476029788937,432.5175619815127,0,0,1624
4,92,252,11,1.7682189995866793,0.8553620000384399,0,0,41
5,92,252,11,28.934624000157783,27.97285299993746,0,0,39
6,92,252,11,326.84798299351314,297.9206779928063,0,0,1625
4,93,252,11,1.972987000044668,1.0994809999829158,0,0,41
5,93,252,11,41.57794000002468,40.5047219996959,0,0,39
6,93,252,11,441.05424400549964,402.4052320037299,0,0,1627
4,94,252,11,1.653719999922032,0.8466469998893444,0,0,41
5,94,252,11,27.315998000176478,26.44985100005215,0,0,39
6,94,252,11,379.7169309991659,333.27964000000065,0,0,1628
4,95,252,11,1.617294999959995,0.7413820003421279,0,0,41
5,95,252,11,25.841795000360435,24.964519000150176,0,0,39
6,95,252,11,411.73875499771384,379.94223799751126,0,0,1629
4,96,252,11,1.9111840001642122,0.9233640003003529,0,0,41
5,96,252,11,30.260079000072437,29.253557000174624,0,0,39
6,96,252,11,512.208984996505,419.95718499492796,0,0,1629
4,97,252,11,3.0582059998778277,32.088143000237324,0,0,41
5,97,252,11,126.868924000064,125.10096599999088,0,0,39
6,97,252,11,2277.0141490009337,2141.3707760016223,0,0,1629
4,98,252,11,1.6585589996793715,0.7970450001266727,0,0,41
5,98,252,11,26.548905999788985,25.483103999704326,0,0,39
6,98,252,11,376.8158689958909,310.69949199627445,0,0,1629
4,99,252,11,7.88694300035786,4.505668000092555,0,0,41
5,99,252,11,112.57232000025397,111.52549300004466,0,0,39
6,99,252,11,443.14919701082545,410.57905000934625,0,0,1630
4,0,126,12,3.551432999302051,0.9113509995586355,0,0,0
5,0,126,12,285.1434750000408,283.7988680003036,0,0,0
6,0,126,12,1508.4703959828403,1580.4277389770505,0,0,12
4,1,126,12,6.405921999430575,1.9661799997265916,0,0,0
5,1,126,12,74.76805199894443,73.9144369999849,0,0,0
6,1,126,12,1015.7986309759508,825.9533359751003,0,0,15
5,2,126,12,100.030940000579,119.42226899918751,0,0,0
6,2,126,12,922.689211011857,873.1069870100328,0,0,21
4,3,126,12,0.9068760000445764,0.44942300064576557,0,0,1
5,3,126,12,20.86011499977758,20.274186999813537,0,0,0
6,3,126,12,168.98961697006598,121.75461897095374,0,0,25
4,4,126,12,1.625981999495707,0.7647909997103852,0,0,1
5,4,126,12,32.97793800084037,31.80019000046741,0,0,0
6,4,126,12,715.2204319763769,631.8460729780782,0,0,29
6,5,126,12,444.71428900760657,409.07013700598327,0,0,34
4,6,126,12,5.2211100000931765,13.814582000122755,0,0,2
5,6,126,12,71.37580699964019,70.10830199942575,0,0,1
6,6,126,12,453.94273901274573,456.3521280124405,0,0,41
4,7,126,12,1.122181000027922,0.6168239997350611,0,0,2
5,7,126,12,18.018123000729247,17.13657200070884,0,0,1
6,7,126,12,157.35474899247492,143.00799299235223,0,0,50
5,8,126,12,17.667822000476008,16.790917001344496,0,0,1
6,8,126,12,209.3772339840143,186.186357985207,0,0,58
4,9,126,12,1.0084850000566803,0.44377199992595706,0,0,3
6,9,126,12,162.38274201714376,143.25670701600757,0,0,62
4,10,126,12,1.874558000054094,0.6111499997132341,0,0,3
5,10,126,12,20.57108999997581,19.57563499945536,0,0,2
6,10,126,12,200.79853598599584,172.97173998667859,0,0,65
5,11,126,12,27.78635699996812,26.97154399993451,0,0,2
6,11,126,12,700.7281750074981,659.0703090059833,0,0,68
4,12,126,12,1.0675779994926415,0.5304950000208919,0,0,4
5,12,126,12,14.130215999102802,13.826239999616519,0,0,2
6,12,126,12,154.99574300883978,126.9276060120319,0,0,71
4,13,126,12,8.053212000049825,1.1351709999871673,0,0,4
5,13,126,12,26.771908999762672,25.911126998835243,0,0,2
6,13,126,12,295.10007001499616,312.06839501737704,0,0,74
4,14,126,12,1.2983759997950983,0.6263010000111535,0,0,4
5,14,126,12,17.379774999426445,16.581921999204496,0,0,2
6,14,126,12,157.9879250157319,141.70384901535726,0,0,80
4,15,126,12,1.2046020001434954,0.4970680001861183,0,0,4
6,15,126,12,165.07337398070376,143.75485398068122,0,0,87
4,16,126,12,1.0011389995270292,0.484764999782783,0,0,4
5,16,126,12,16.09905700024683,15.427055000145629,0,0,3
6,16,126,12,139.4889300026989,121.09822100228484,0,0,92
4,17,126,12,1.0468099999343394,0.5317510003806092,0,0,4
5,17,126,12,16.84117700006027,16.605953999714984,0,0,3
6,17,126,12,224.84071099734138,199.9481599932551,0,0,95
4,18,126,12,1.0215439997409703,0.4727890000140178,0,0,4
6,18,126,12,160.66826298811065,142.09963598932518,0,0,103
4,19,126,12,1.4443159998336341,0.5367359999581822,0,0,4
5,19,126,12,23.041274998831796,22.200686998985475,0,0,4
6,19,126,12,171.58417100745282,146.98491100989486,0,0,106
4,20,126,12,0.9279130008508218,0.44141499984107213,0,0,4
5,20,126,12,13.313206999555405,12.772680999660224,0,0,4
6,20,126,12,166.4095340129279,141.1521680156511,0,0,112
4,21,126,12,0.9159680002994719,0.4184340004940168,0,0,4
5,21,126,12,15.504468999097298,14.893279999341758,0,0,4
6,21,126,12,201.12059200801014,177.15854301150102,0,0,118
4,22,126,12,1.1912199997823336,0.584599999456259,0,0,4
5,22,126,12,16.642481999951997,16.066463000242948,0,0,4
6,22,126,12,173.9519479979208,147.50751199790102,0,0,122
4,23,126,12,4.842118999476952,0.8877200007191277,0,0,4
5,23,126,12,23.865466999268392,21.99488999940513,0,0,4
6,23,126,12,182.22632402012096,162.45063901715184,0,0,130
4,24,126,12,0.8172329999069916,0.6151409997983137,0,0,4
5,24,126,12,12.273946999812324,11.81753499986371,0,0,4
6,24,126,12,154.27006198115123,135.94799997736118,0,0,137
4,25,126,12,0.9281739994548843,0.6571480007551145,0,0,4
5,25,126,12,14.175510999848484,13.646033000441093,0,0,4
6,25,126,12,170.11176400410477,149.95944000384043,0,0,144
4,26,126,12,1.0680279992811847,0.5283549999148818,0,0,4
5,26,126,12,16.15206099995703,15.425029999278195,0,0,4
6,26,126,12,218.09778200258734,188.7062770083503,0,0,150
4,27,126,12,1.347262999843224,0.5565869996644324,0,0,4
6,27,126,12,182.47396598781052,159.53232699121145,0,0,154
4,28,126,12,1.1053489997721044,0.48931499986792915,0,0,4
5,28,126,12,20.549062000100093,19.581070000640466,0,0,5
6,28,126,12,168.71656901912502,146.85295401068288,0,0,160
4,29,126,12,0.8872099997461191,0.44610200075112516,0,0,4
5,29,126,12,12.429348999830836,11.934633999771904,0,0,5
6,29,126,12,174.62192598395632,155.77404498617398,0,0,168
4,30,126,12,1.179012000648072,0.6227450003279955,0,0,4
5,30,126,12,14.731195000422304,14.196186999470228,0,0,5
6,30,126,12,141.4526430071419,123.19927000680764,0,0,171
4,31,126,12,1.0328670005037566,0.5094329999337788,0,0,4
6,31,126,12,129.4252480038267,122.13072100257705,0,0,182
4,32,126,12,1.3145479997547227,0.7255580003402429,0,0,4
5,32,126,12,18.071578999297344,17.3478980004802,0,0,6
6,32,126,12,180.8470139903875,161.8613189930329,0,0,187
4,33,126,12,1.2558979997265851,0.6051459995433106,0,0,4
5,33,126,12,16.43160599996918,15.567769000881526,0,0,6
6,33,126,12,178.5777640006927,154.7015529968121,0,0,193
4,34,126,12,0.8642960001452593,0.4326469997977256,0,0,4
5,34,126,12,13.27363900054479,12.79955100017105,0,0,6
6,34,126,12,142.54662400526286,121.17884200324625,0,0,202
4,35,126,12,1.3876279999749386,0.6099430001995643,0,0,4
5,35,126,12,15.886417000729125,15.122706000511243,0,0,6
6,35,126,12,143.95422601501195,125.22093701318227,0,0,207
4,36,126,12,1.1498049998408533,0.5711620005968143,0,0,4
5,36,126,12,18.090183000822435,16.854497001077107,0,0,6
6,36,126,12,220.69214399107295,197.37540399364661,0,0,209
4,37,126,12,1.3554289998864988,0.6535499996971339,0,0,4
5,37,126,12,19.28841100016143,18.685848000131955,0,0,6
6,37,126,12,140.13484998577042,120.91720798798633,0,0,214
4,38,126,12,0.8889929995348211,0.4514249994826969,0,0,4
5,38,126,12,13.670831000126782,13.222988000961777,0,0,6
6,38,126,12,125.22683702263748,110.62477002178639,0,0,222
4,39,126,12,1.2693669996224344,0.6168990003061481,0,0,4
6,39,126,12,146.52193901474675,130.5444910121878,0,0,230
4,40,126,12,1.3034610001341207,0.568610999835073,0,0,4
6,40,126,12,143.92449400838814,126.11405701045442,0,0,234
4,41,126,12,0.9216149992425926,0.4455070002222783,0,0,4
5,41,126,12,17.624282999349816,16.713064999748894,0,0,8
6,41,126,12,184.79392302288034,161.88865702679323,0,0,241
4,42,126,12,1.2633879996428732,0.6208770000739605,0,0,4
5,42,126,12,19.41550799892866,19.08371899935446,0,0,8
6,42,126,12,173.20219902558165,152.24825202312786,0,0,244
4,43,126,12,1.190472999951453,0.5623500001092907,0,0,4
5,43,126,12,16.31280100082222,16.044770000007702,0,0,8
6,43,126,12,157.27553601846012,139.34900401909545,0,0,248
4,44,126,12,1.2952659999427851,0.673079000080179,0,0,4
5,44,126,12,16.038562999710848,15.48208300027909,0,0,8
6,44,126,12,136.45969400022295,118.36619099540258,0,0,252
5,45,126,12,14.99846000024263,14.386025000021618,0,0,8
6,45,126,12,132.7458169980673,114.89970099773927,0,0,257
4,46,126,12,1.1569759999474627,0.46853300045768265,0,0,5
5,46,126,12,13.185827999222965,12.680804999945394,0,0,8
6,46,126,12,148.09199398678174,128.53616298343695,0,0,261
5,47,126,12,13.488765000147396,12.954775000252994,0,0,8
6,47,126,12,146.77546800885466,132.38153800193686,0,0,268
4,48,126,12,1.260188000742346,0.5869550004717894,0,0,6
5,48,126,12,13.440963999528321,12.973582000086026,0,0,8
6,48,126,12,138.22244998482347,119.18477998369781,0,0,274
4,49,126,12,0.9517660000710748,0.47538099988742033,0,0,6
5,49,126,12,12.649651999709022,12.018304999401153,0,0,8
6,49,126,12,170.42922898235702,149.7648799804665,0,0,281
4,50,126,12,1.4612169998144964,0.6942339996385272,0,0,6
5,50,126,12,101.84094299984281,100.54645299987897,0,0,8
6,50,126,12,593.57915397959,541.7890629769317,0,0,284
5,51,126,12,62.9716900002677,62.36290199922223,0,0,8
6,51,126,12,383.7169870021171,360.77310500331805,0,0,287
4,52,126,12,1.393274999827554,0.6496949999927892,0,0,7
5,52,126,12,18.874845000937057,18.131550999896717,0,0,8
6,52,126,12,394.8387309892496,370.73999799395096,0,0,295
4,53,126,12,1.3523809993785108,113.98573800033773,0,0,7
5,53,126,12,43.75895700104593,41.79390500030422,0,0,8
6,53,126,12,898.8586389923512,738.256916996761,0,0,301
4,54,126,12,0.8922839997467236,0.4554600000119535,0,0,7
5,54,126,12,16.55164600106218,15.77605200054677,0,0,8
6,54,126,12,180.86880801547522,155.99334801572695,0,0,307
4,55,126,12,0.9097920001295279,0.4513970006883028,0,0,7
6,55,126,12,194.10639599846036,178.088522001417,0,0,311
5,56,126,12,12.814308000088204,12.39517399972101,0,0,9
6,56,126,12,150.1794539817638,132.65945498551446,0,0,316
5,57,126,12,14.79163600015454,14.225017001081142,0,0,9
6,57,126,12,139.7766789805246,126.33597297917731,0,0,326
4,58,126,12,0.8781380001892103,0.4462000006242306,0,0,9
5,58,126,12,11.96988700030488,11.519513000166626,0,0,9
6,58,126,12,143.43706201179884,125.06556600874319,0,0,333
4,59,126,12,0.8872409998730291,0.45761199999105884,0,0,9
5,59,126,12,12.183107999589993,11.710589000358596,0,0,9
6,59,126,12,95.6470070159412,84.66608601793268,0,0,338
4,60,126,12,0.9219919993483927,0.4420479999680538,0,0,9
5,60,126,12,12.15421899996727,11.663690000204952,0,0,9
6,60,126,12,224.38219300511264,130.7199560023946,0,0,347
4,61,126,12,1.4180759999362635,0.7341509999605478,0,0,9
5,61,126,12,16.618612999991456,16.1511980004434,0,0,9
6,61,126,12,176.71001002509,160.19170802428562,0,0,355
4,62,126,12,0.8788449995336123,0.4358870000942261,0,0,9
5,62,126,12,11.690767000800406,11.219786000765453,0,0,9
6,62,126,12,186.3629050048985,151.42284000376094,0,0,361
4,63,126,12,1.767003000168188,0.7494649998989189,0,0,9
5,63,126,12,20.39733800029353,19.533559000592504,0,0,9
6,63,126,12,806.0623309957009,476.7249809965506,0,0,366
4,64,126,12,1.6725210007280111,0.7605000000694417,0,0,9
6,64,126,12,724.3331190238678,726.730476026205,0,0,369
4,65,126,12,1.3096359998598928,0.7791429998178501,0,0,9
5,65,126,12,500.9310089999417,500.5124319995957,0,0,10
6,65,126,12,749.6106370272173,744.0543590255402,0,0,374
4,66,126,12,1.4414540000871057,0.7490930001949891,0,0,9
5,66,126,12,38.01585699966381,33.02490199985186,0,0,10
6,66,126,12,234.94084502181067,223.1766770246395,0,0,380
4,67,126,12,0.8885860006557778,0.50385600025038,0,0,9
6,67,126,12,104.34193099081313,92.88430298784078,0,0,387
4,68,126,12,1.5528009998888592,0.4935890001434018,0,0,9
5,68,126,12,13.227786000243213,12.746331000016653,0,0,11
6,68,126,12,218.1279300002643,203.79951899849402,0,0,395
4,69,126,12,0.8855149999362766,0.43364300017856294,0,0,9
5,69,126,12,12.753734000398254,12.233448000188218,0,0,11
6,69,126,12,5570.556833985393,5541.571146985916,0,0,402
4,70,126,12,1.3989340004627593,0.6508879996545147,0,0,9
5,70,126,12,18.375384000137274,17.814161999922362,0,0,11
6,70,126,12,152.52916798272054,146.1639319859387,0,0,407
4,71,126,12,0.9784119993128115,0.48775699997349875,0,0,9
5,71,126,12,12.683338999522675,12.117903000216756,0,0,11
6,71,126,12,221.57046303163952,199.97589903141488,0,0,415
5,72,126,12,13.71944499987876,13.273488999402616,0,0,11
6,72,126,12,186.7116860294118,163.9881670298564,0,0,422
4,73,126,12,1.1543850005182321,0.595379000515095,0,0,10
5,73,126,12,30.684176000249863,29.792455000460905,0,0,11
6,73,126,12,173.46154701044725,151.41356600543077,0,0,430
5,74,126,12,17.601236000700737,17.04268800040154,0,0,11
6,74,126,12,154.93251802399755,122.40767802268238,0,0,434
4,75,126,12,0.9922199997163261,0.5113070001243614,0,0,11
5,75,126,12,14.945169999009522,14.435414999752538,0,0,11
6,75,126,12,170.90879201350617,149.18763700916315,0,0,440
4,76,126,12,1.1265390003245557,0.5174040006750147,0,0,11
5,76,126,12,15.339438999944832,14.720556999236578,0,0,11
6,76,126,12,142.07220797561604,123.62062997635803,0,0,446
4,77,126,12,0.9118479993048823,0.4468320003070403,0,0,11
5,77,126,12,13.852427999154315,13.292859999637585,0,0,11
6,77,126,12,184.43731800380192,161.24777900313347,0,0,448
4,78,126,12,0.9381359996041283,0.4575749999276013,0,0,11
5,78,126,12,12.19523500003561,11.721105999640713,0,0,11
6,78,126,12,284.31730401916866,257.1120000166047,0,0,455
4,79,126,12,1.062901000295824,0.4813009991266881,0,0,11
5,79,126,12,12.398906999806059,11.878809000336332,0,0,11
6,79,126,12,184.5629240060589,143.75954300976446,0,0,458
5,80,126,12,12.58620700082247,12.173666000308003,0,0,11
6,80,126,12,189.48487600027875,156.05894600048487,0,0,468
4,81,126,12,0.900740000361111,0.4362170002423227,0,0,12
5,81,126,12,13.78298200052086,13.057357001343917,0,0,11
6,81,126,12,171.80133002239018,143.30246401732438,0,0,471
4,82,126,12,1.2625039998965804,0.4814530002477113,0,0,12
5,82,126,12,42.72687100001349,41.612582999732695,0,0,11
6,82,126,12,162.52043101849267,145.8187360158263,0,0,475
5,83,126,12,14.815096000347694,14.284216999840282,0,0,11
6,83,126,12,133.91884598240722,116.56569397746352,0,0,482
5,84,126,12,12.680525001087517,12.199719000818732,0,0,11
6,84,126,12,147.4516079906607,130.76272698799585,0,0,491
4,85,126,12,1.2831119993279572,0.5884610000066459,0,0,14
5,85,126,12,14.114312999481626,13.482108000061999,0,0,11
6,85,126,12,183.67384801149456,158.96240701204079,0,0,499
4,86,126,12,1.8102019994330476,0.9010280000438797,0,0,14
5,86,126,12,15.893427001174132,15.329993000705144,0,0,11
6,86,126,12,147.09718800440896,130.02631299787026,0,0,508
4,87,126,12,0.9083390004889225,0.4323679995650309,0,0,14
5,87,126,12,12.707281000075454,12.310081000578066,0,0,11
6,87,126,12,159.59419100272498,137.68233900282212,0,0,513
4,88,126,12,1.0650719996192493,0.49031399976229295,0,0,14
5,88,126,12,18.201898001279915,17.26594100091461,0,0,11
6,88,126,12,213.33229899119033,181.74256099155173,0,0,517
5,89,126,12,15.549849000308313,14.93742100046802,0,0,11
6,89,126,12,171.94874901178991,151.95863100871065,0,0,521
4,90,126,12,0.9788150000531459,0.4449970001587644,0,0,15
5,90,126,12,13.697562000743346,13.22804000119504,0,0,11
6,90,126,12,164.6032810149336,146.3246330158654,0,0,530
4,91,126,12,0.9175260001939023,0.45283500003279187,0,0,15
5,91,126,12,12.869689000581275,12.255814999662107,0,0,11
6,91,126,12,216.78814901770238,196.51257501845976,0,0,538
4,92,126,12,1.0395219997008098,0.5596089995378861,0,0,15
6,92,126,12,149.37675302098796,128.58819602206495,0,0,542
4,93,126,12,0.9296400003222516,0.4498770003920072,0,0,15
5,93,126,12,17.794936999962374,16.99509200079774,0,0,12
6,93,126,12,161.41375402457925,137.35969202207343,0,0,551
5,94,126,12,16.50068600065424,16.01299900084996,0,0,12
6,94,126,12,148.24148299612716,115.64823699700355,0,0,554
5,95,126,12,21.527021999645513,19.882019999386102,0,0,12
6,95,126,12,450.39116302359616,406.8291130261059,0,0,559
4,96,126,12,1.0811700003614533,1.0564490003162064,0,0,17
5,96,126,12,19.791896001152054,19.038711001485353,0,0,12
6,96,126,12,186.48961501367012,155.675821019031,0,0,566
5,97,126,12,17.37107500048296,16.459812999528367,0,0,12
6,97,126,12,205.10598100736388,133.54439100749005,0,0,570
4,98,126,12,1.512566000201332,0.6501439993371605,0,0,18
6,98,126,12,160.8722119981394,141.49712399830605,0,0,573
4,99,126,12,2.5148429995169863,0.6790870002078009,0,0,18
5,99,126,12,14.599611999983608,14.294554999651155,0,0,13
6,99,126,12,148.56526201128872,134.8533690079421,0,0,580
4,0,190,12,1.431650999620615,0.6468060000770492,0,0,18
5,0,190,12,21.31524500055093,19.9816379999902,0,0,13
6,0,190,12,292.2024539766426,243.29845096963254,0,0,580
4,1,190,12,1.30320300013409,0.8448929993392085,0,0,18
5,1,190,12,20.574836999912804,19.930146000660898,0,0,13
6,1,190,12,315.9175230202891,279.5134920270357,0,0,581
4,2,190,12,1.2209870001242962,0.6042049999450683,0,0,18
5,2,190,12,27.78979699996853,26.65375899960054,0,0,13
6,2,190,12,312.2139399929438,273.41477599566133,0,0,582
4,3,190,12,1.6127999997479492,0.9227489999830141,0,0,18
5,3,190,12,21.961003999422246,21.038177000264113,0,0,13
6,3,190,12,396.3435650048268,340.7174640078665,0,0,585
4,4,190,12,1.2167340000814875,0.6063139999241685,0,0,18
5,4,190,12,19.313253000291297,18.59401700039598,0,0,13
6,4,190,12,322.59263902324165,293.80227802084846,0,0,585
4,5,190,12,1.951403000020946,0.6328750005195616,0,0,18
5,5,190,12,19.715819000339252,18.969319999996515,0,0,13
6,5,190,12,413.7487450207118,354.7988990221711,0,0,586
4,6,190,12,1.2728020001304685,0.8411190001424984,0,0,18
6,6,190,12,453.52852599171456,383.8103850011976,0,0,587
4,7,190,12,1.4176570002746303,0.6034650004949071,0,0,18
5,7,190,12,19.34003600035794,22.871500000292144,0,0,14
6,7,190,12,491.68882196772756,443.1572279681859,0,0,588
4,8,190,12,1.2912350002807216,0.8675859999129898,0,0,18
5,8,190,12,29.29391200086684,28.330607000498276,0,0,14
6,8,190,12,335.00092500980827,296.0952300054487,0,0,588
4,9,190,12,1.634410999940883,0.7190769993030699,0,0,18
5,9,190,12,19.990654999674007,19.276137999440834,0,0,14
6,9,190,12,333.4308259891259,312.30081499415974,0,0,589
4,10,190,12,3.547973999957321,1.2719260002995725,0,0,18
5,10,190,12,36.27304799920239,35.29294599957211,0,0,14
6,10,190,12,911.2192320008035,797.4754819997543,0,0,589
4,11,190,12,5.755757999395428,1.096528999369184,0,0,18
5,11,190,12,337.7717639996263,335.10634700087394,0,0,14
6,11,190,12,1841.9697220242597,1480.4072950219052,0,0,590
4,12,190,12,1.77072800033784,0.8474860005662777,0,0,18
5,12,190,12,91.64985800089198,90.08902400000807,0,0,14
6,12,190,12,1607.53608397863,1420.3974399761137,0,0,590
4,13,190,12,1.4958609999666805,0.7581520003441256,0,0,18
5,13,190,12,22.754004000489658,21.983479000482475,0,0,14
6,13,190,12,252.91410698901018,223.94600497773354,0,0,590
4,14,190,12,1.1629939999693306,0.572013000237348,0,0,18
5,14,190,12,17.56733999991411,16.930753999986337,0,0,14
6,14,190,12,1445.6050619874077,1190.6337089894805,0,0,592
4,15,190,12,1.3048070004515466,0.6758250001439592,0,0,18
5,15,190,12,27.037611000196193,25.898323000546952,0,0,14
6,15,190,12,249.75401901065197,214.8166250099166,0,0,592
4,16,190,12,3.698817000440613,1.0676909996618633,0,0,18
5,16,190,12,28.315452000242658,27.467773999887868,0,0,14
6,16,190,12,244.14856299063104,210.98823399279354,0,0,593
4,17,190,12,1.2341239998931997,0.6336879996524658,0,0,18
5,17,190,12,19.048549000217463,18.43594000001758,0,0,14
6,17,190,12,382.21709600111353,345.6850770053279,0,0,595
4,18,190,12,11.30359699982364,1.3563020002038684,0,0,18
5,18,190,12,115.47929200060025,115.8053880008083,0,0,14
6,18,190,12,1509.017452970511,1148.7896269791236,0,0,595
4,19,190,12,31.086384000445832,4.733226999633189,0,0,18
5,19,190,12,72.51915599954373,72.76282099974196,0,0,14
6,19,190,12,791.6550829950211,757.7009129900034,0,0,597
4,20,190,12,1.2002519997622585,0.5799299997306662,0,0,18
5,20,190,12,17.347126999993634,16.66513000145642,0,0,14
6,20,190,12,320.02066699988063,293.2370640010049,0,0,599
4,21,190,12,2.4406049997196533,3.2875639999474515,0,0,18
5,21,190,12,74.94640200002323,73.70608899964282,0,0,14
6,21,190,12,1051.945490993603,1000.9129590007433,0,0,600
4,22,190,12,1.3641369996548747,0.6803559999752906,0,0,18
5,22,190,12,20.462094998947578,19.266789999164757,0,0,14
6,22,190,12,656.6465569985667,1057.0377590001954,0,0,602
4,23,190,12,1.1322250002194778,0.5924090000917204,0,0,18
5,23,190,12,17.379359000187833,16.839962000631203,0,0,14
6,23,190,12,273.6531479840778,230.43921598855377,0,0,603
5,24,190,12,20.80053699955897,20.118599999477738,0,0,14
6,24,190,12,377.5956009858419,337.46137498656026,0,0,605
4,25,190,12,6.834142000116117,0.9143839997705072,0,0,19
5,25,190,12,130.68574800036004,129.69787699967128,0,0,14
6,25,190,12,1347.212590021627,1325.4132250212933,0,0,607
4,26,190,12,1.6224750006585964,0.8080130000962527,0,0,19
5,26,190,12,21.67563999955746,20.851393999691936,0,0,14
6,26,190,12,391.5071079900372,321.7296929933582,0,0,607
4,27,190,12,1.2022219998470973,0.6145240004116204,0,0,19
5,27,190,12,17.77613800004474,17.216373999872303,0,0,14
6,27,190,12,239.53245001121104,212.94391300762072,0,0,608
4,28,190,12,1.1881589998665731,0.5873079999219044,0,0,19
5,28,190,12,17.775118000827206,17.18993800022872,0,0,14
6,28,190,12,192.34274900645687,170.8850440045353,0,0,610
4,29,190,12,1.1701610001182416,0.5935159997534356,0,0,19
5,29,190,12,17.310682000243105,16.72766000046977,0,0,14
6,29,190,12,202.2520619993884,182.7412199936589,0,0,611
4,30,190,12,1.1852870002257987,0.5691699998351396,0,0,19
5,30,190,12,17.434814999433,16.839531998812163,0,0,14
6,30,190,12,241.05178398167482,211.90688398928614,0,0,612
5,31,190,12,17.257479998988856,16.640140999697905,0,0,14
6,31,190,12,333.87406101519446,246.80482201074483,0,0,612
4,32,190,12,1.1502200004542829,0.5770349998783786,0,0,20
5,32,190,12,21.143700999346038,20.56804499898135,0,0,14
6,32,190,12,244.21864103169355,216.89238703038427,0,0,616
4,33,190,12,1.1656120004772674,0.5778830000053858,0,0,20
5,33,190,12,17.37776899972232,16.798020998976426,0,0,14
6,33,190,12,736.051432028944,697.1128840223173,0,0,616
4,34,190,12,1.2469150005927077,0.6012819994793972,0,0,20
5,34,190,12,17.35977700082003,16.7771750011525,0,0,14
6,34,190,12,761.4191229740754,397.06737397682446,0,0,616
4,35,190,12,1.1665259999062982,0.5726019999201526,0,0,20
5,35,190,12,17.150896999737597,16.530050999790546,0,0,14
6,35,190,12,323.94418898365984,255.88349398549326,0,0,617
4,36,190,12,9.591035000084958,11.237148000873276,0,0,20
5,36,190,12,148.05961000001844,145.8525420002843,0,0,14
6,36,190,12,2312.0950939864997,2090.860381988932,0,0,619
4,37,190,12,1.1814950003099511,0.6076340005165548,0,0,20
5,37,190,12,22.786632999668655,22.159760998874845,0,0,14
6,37,190,12,264.749439010302,235.84324701005244,0,0,620
4,38,190,12,1.2030400002913666,0.6114360003266484,0,0,20
5,38,190,12,17.39329300016834,16.78385400100524,0,0,14
6,38,190,12,282.3393879989453,264.137968999421,0,0,624
4,39,190,12,2.500467000572826,0.965048000580282,0,0,20
5,39,190,12,92.65078200041899,91.34095100125705,0,0,14
6,39,190,12,303.591930976836,276.77725297598954,0,0,625
4,40,190,12,1.191287999972701,0.5816630000481382,0,0,20
5,40,190,12,17.448693000005733,16.845933000695368,0,0,14
6,40,190,12,268.82231897525344,232.05774297730386,0,0,625
4,41,190,12,1.2817400001949864,0.6125250001787208,0,0,20
5,41,190,12,18.043584000224655,17.466584000430885,0,0,14
6,41,190,12,260.7704799847852,237.43371898217447,0,0,628
4,42,190,12,1.2304219999350607,0.6173210003908025,0,0,20
5,42,190,12,16.89827300106117,16.31213600103365,0,0,14
6,42,190,12,272.08411299397994,243.00981299347768,0,0,628
4,43,190,12,1.1891020003531594,0.5938369995419635,0,0,20
5,43,190,12,28.149761000349827,27.317326000229514,0,0,14
6,43,190,12,594.4595820155882,564.8124630188249,0,0,630
4,44,190,12,4.754358000354841,1.0947640002996195,0,0,20
5,44,190,12,32.041988999480964,30.92375500000344,0,0,14
6,44,190,12,316.23103800666286,242.72362701231032,0,0,631
4,45,190,12,1.538364000225556,0.7244929993248661,0,0,20
5,45,190,12,18.153299000005063,17.450975999054208,0,0,14
6,45,190,12,287.15174900298734,250.89047900382866,0,0,633
4,46,190,12,1.5726419997008634,0.6914030000189086,0,0,20
5,46,190,12,17.739977999553957,17.129167999883066,0,0,14
6,46,190,12,339.5419949774805,299.9730909814389,0,0,634
4,47,190,12,1.5949940006976249,0.800755999989633,0,0,20
5,47,190,12,25.641074000304798,24.925049999183102,0,0,14
6,47,190,12,293.4621929671266,258.62404896270164,0,0,634
4,48,190,12,1.2044869999954244,0.625710999884177,0,0,20
5,48,190,12,16.97250399956829,16.350743999282713,0,0,14
6,48,190,12,226.27451802418364,199.56681802068488,0,0,636
4,49,190,12,1.1944609996135114,0.5928110003878828,0,0,20
5,49,190,12,17.38986800046405,16.79856999999174,0,0,14
6,49,190,12,251.16756601073575,216.66354401259014,0,0,636
4,50,190,12,1.1601059995882679,0.6074980001358199,0,0,20
5,50,190,12,17.25953900040622,16.655897999953595,0,0,14
6,50,190,12,279.37318897147634,246.58947996977076,0,0,638
4,51,190,12,2.7987030007352587,1.0214709991487325,0,0,20
5,51,190,12,26.765582000734867,25.801826000133588,0,0,14
6,51,190,12,344.65173897115164,313.51801796427026,0,0,639
4,52,190,12,1.2193189995741704,0.6014939999658964,0,0,20
5,52,190,12,17.5531469994894,16.948712998782867,0,0,14
6,52,190,12,239.20893400645582,210.54776300297817,0,0,642
4,53,190,12,1.156553000328131,0.5769529998360667,0,0,20
5,53,190,12,17.899145999763277,17.41788999970595,0,0,14
6,53,190,12,230.54668200893502,205.0322870090895,0,0,644
4,54,190,12,1.1943129993596813,0.585158000831143,0,0,20
5,54,190,12,33.97031900112779,32.68818600099621,0,0,14
6,54,190,12,386.03020698246837,359.81240598357545,0,0,644
4,55,190,12,1.1872979994222987,0.6558639997820137,0,0,20
5,55,190,12,17.183883000143396,16.49583699872892,0,0,14
6,55,190,12,331.96973100893956,286.65439300402795,0,0,646
4,56,190,12,1.7488159992353758,1.0475110002516885,0,0,20
5,56,190,12,92.56856600040919,90.99108999998862,0,0,14
6,56,190,12,302.4023930020121,268.9463529977729,0,0,647
4,57,190,12,1.21354800012341,0.6078209999031969,0,0,20
5,57,190,12,17.76336100010667,17.13392500005284,0,0,14
6,57,190,12,266.1384269958944,229.58043499693304,0,0,648
4,58,190,12,1.2969300005352125,0.6250830001590657,0,0,20
5,58,190,12,29.654967000169563,29.042123000181164,0,0,14
6,58,190,12,409.54286299893283,380.20217699704517,0,0,649
4,59,190,12,1.2110190000385046,0.5881030001546605,0,0,20
5,59,190,12,16.995678000057524,16.450985999654222,0,0,14
6,59,190,12,257.99438802914665,221.85379602433386,0,0,650
4,60,190,12,1.1522679997142404,0.5848490000062156,0,0,20
5,60,190,12,17.846964999080228,17.236253000191937,0,0,14
6,60,190,12,246.93876203582477,217.52064503652946,0,0,652
4,61,190,12,1.4207410004019039,0.700636999681592,0,0,20
5,61,190,12,17.398812000465114,16.780875000222295,0,0,14
6,61,190,12,257.2916550188893,233.80492202613823,0,0,653
4,62,190,12,1.2447629997041076,0.6090779997975915,0,0,20
6,62,190,12,611.0170740248577,473.9166730287252,0,0,654
4,63,190,12,27.2906519994649,0.8039200001803692,0,0,20
5,63,190,12,130.99540500024887,134.1184950006209,0,0,14
6,63,190,12,1607.4754439714525,1467.7165679750033,0,0,654
4,64,190,12,1.1521420001372462,0.573167999391444,0,0,20
6,64,190,12,322.4113480064261,275.1731600055791,0,0,655
4,65,190,12,6.833904999439255,1.0523210003157146,0,0,20
5,65,190,12,160.47690700088424,159.5045840003877,0,0,15
6,65,190,12,671.7842670022947,643.8815550009167,0,0,655
4,66,190,12,1.2567229996420792,0.5914430003031157,0,0,20
5,66,190,12,17.55221900111792,16.896597000595648,0,0,15
6,66,190,12,281.32532702329627,246.98226502368925,0,0,655
4,67,190,12,6.110784000156855,0.8327810000992031,0,0,20
5,67,190,12,117.03984199994011,116.11782299860351,0,0,15
6,67,190,12,624.9507479742533,591.2947419810735,0,0,656
4,68,190,12,1.16355200043472,0.5763959998148493,0,0,20
6,68,190,12,263.5152500179174,237.05048201918544,0,0,657
4,69,190,12,1.2388889999783714,0.6131230002210941,0,0,20
5,69,190,12,17.779466999854776,17.17285900031129,0,0,16
6,69,190,12,300.6371650208166,262.5312030186251,0,0,659
4,70,190,12,8.496857999489293,1.6339799994966597,0,0,20
5,70,190,12,42.975522999768145,41.997297999841976,0,0,16
6,70,190,12,284.4595309907163,244.35341599019011,0,0,659
4,71,190,12,1.2179129998912686,0.5737800001952564,0,0,20
5,71,190,12,17.702023000310874,17.075633999411366,0,0,16
6,71,190,12,383.9866769985747,276.16882199436077,0,0,659
4,72,190,12,1.196723000248312,0.5849100007253583,0,0,20
5,72,190,12,17.507657000351173,16.922916001021804,0,0,16
6,72,190,12,257.02722002642986,217.71272702699207,0,0,662
4,73,190,12,2.119837000464031,0.9162480000668438,0,0,20
5,73,190,12,67.60378999933891,55.17463000069256,0,0,16
6,73,190,12,570.7414749795134,436.41442397984065,0,0,662
4,74,190,12,1.2214809994475218,0.5928620003032847,0,0,20
5,74,190,12,17.4277810001513,16.83129299999564,0,0,16
6,74,190,12,251.7337280078209,208.7138550114105,0,0,662
4,75,190,12,1.1732539996955893,0.6155009996291483,0,0,20
5,75,190,12,17.42939199993998,16.829560999212845,0,0,16
6,75,190,12,213.0362199841329,181.09161398569995,0,0,662
4,76,190,12,1.19320800058631,0.562100999559334,0,0,20
5,76,190,12,21.023401000093145,20.26795299934747,0,0,16
6,76,190,12,281.65514898682886,248.68801098364202,0,0,663
5,77,190,12,18.97312700020848,18.327554000279633,0,0,16
6,77,190,12,298.8559739878838,260.91816698772163,0,0,666
4,78,190,12,40.64122900035727,0.8364479999727337,0,0,21
5,78,190,12,155.3534539998509,153.76407999974617,0,0,16
6,78,190,12,731.4070509937665,725.9074629928364,0,0,667
4,79,190,12,1.192245999845909,0.621203999799036,0,0,21
5,79,190,12,17.498606000117434,16.833365000820777,0,0,16
6,79,190,12,257.03401199007203,228.62878899195493,0,0,669
4,80,190,12,1.2048629996570526,0.5900389996895683,0,0,21
5,80,190,12,17.73769400006131,17.099673000302573,0,0,16
6,80,190,12,291.4154830014013,257.7208620023157,0,0,671
4,81,190,12,1.1922190005861921,0.6082809995859861,0,0,21
5,81,190,12,17.200657000103092,16.634859998703178,0,0,16
6,81,190,12,248.3073370240163,215.30014802101505,0,0,671
4,82,190,12,1.1610830006247852,0.589001999287575,0,0,21
5,82,190,12,17.531023999254103,16.888850999748684,0,0,16
6,82,190,12,250.03909598308383,219.91915398302808,0,0,671
4,83,190,12,1.211992999742506,0.5834300000060466,0,0,21
5,83,190,12,17.470229000537074,16.828373000862484,0,0,16
6,83,190,12,192.77028698343202,167.4893809868081,0,0,672
4,84,190,12,1.7217040003743023,0.8717930004422669,0,0,21
5,84,190,12,20.760847000019567,20.077511999261333,0,0,16
6,84,190,12,188.9015750039107,168.57762600920978,0,0,673
4,85,190,12,1.5697460003138985,0.788153999565111,0,0,21
5,85,190,12,23.146702999838453,22.30005700039328,0,0,16
6,85,190,12,243.48463098613138,217.6243849862658,0,0,677
4,86,190,12,1.2448610004867078,0.6252659995880094,0,0,21
6,86,190,12,553.9691489993857,452.8557960029502,0,0,677
4,87,190,12,2.143378999790002,2.077060000374331,0,0,21
5,87,190,12,104.86777200003417,114.13134800022817,0,0,17
6,87,190,12,1624.3010499811135,1286.979252983656,0,0,678
4,88,190,12,2.067335999527131,12.881430000561522,0,0,21
5,88,190,12,94.69689300021855,78.53415199951996,0,0,17
6,88,190,12,1236.5607369856662,1057.0270779862767,0,0,679
4,89,190,12,13.20718199986004,0.7854719997339998,0,0,21
5,89,190,12,157.65846999966016,156.70618399963132,0,0,17
6,89,190,12,2233.962294990306,1939.3458269933035,0,0,680
5,90,190,12,22.48129899999185,21.625499000037962,0,0,17
6,90,190,12,589.6601159702186,482.34819297431386,0,0,681
4,91,190,12,1.204348000101163,0.6149000000732485,0,0,22
5,91,190,12,17.27716099958343,16.665633999764395,0,0,17
6,91,190,12,478.2460709775478,430.57910897823604,0,0,682
4,92,190,12,1.2672610000663553,0.6247379997148528,0,0,22
5,92,190,12,17.549068000334955,16.939965000347,0,0,17
6,92,190,12,942.2352510100609,660.7693350160844,0,0,683
5,93,190,12,77.1948669998892,79.94882599996345,0,0,17
6,93,190,12,1821.8786880070184,1680.31424100991,0,0,683
4,94,190,12,1.291562000005797,0.6747240004187915,0,0,23
5,94,190,12,17.022604999510804,16.406796999035578,0,0,17
6,94,190,12,304.3131819640621,304.9194849591004,0,0,684
4,95,190,12,11.855548999847088,0.9619210004530032,0,0,23
5,95,190,12,188.2247080002344,180.71042400060833,0,0,17
6,95,190,12,857.6525449943802,830.4592759959633,0,0,684
4,96,190,12,1.1810189998868736,0.5847120000908035,0,0,23
5,96,190,12,17.08722500006843,16.455847999168327,0,0,17
6,96,190,12,364.11822500849667,305.1268870058266,0,0,685
5,97,190,12,24.01473299960344,23.263918999873567,0,0,17
6,97,190,12,269.40110999930766,235.99901200395834,0,0,688
4,98,190,12,1.1945799997192807,0.5946689998381771,0,0,24
5,98,190,12,17.417174000001978,16.774650001025293,0,0,17
6,98,190,12,228.32687401569274,200.72545202037873,0,0,688
4,99,190,12,1.171256999441539,0.5900880005356157,0,0,24
5,99,190,12,17.547323000144388,16.883402000530623,0,0,17
6,99,190,12,234.0536250076184,207.16738901319331,0,0,690
4,0,252,12,1.5452019997610478,0.7764479996694718,0,0,24
5,0,252,12,27.16366500044387,26.309701000172936,0,0,17
6,0,252,12,341.02224599701003,301.4321699965876,0,0,690
4,1,252,12,1.631023000300047,0.7599130003654864,0,0,24
5,1,252,12,25.359608000144362,24.545483999645512,0,0,17
6,1,252,12,319.72704600502766,273.80873900710867,0,0,690
4,2,252,12,1.5181429998847307,0.7293139997273101,0,0,24
5,2,252,12,23.21839800060843,22.425201999794808,0,0,17
6,2,252,12,516.4756439990015,463.17708500464505,0,0,690
4,3,252,12,1.6173080002772622,0.7543929996245424,0,0,24
5,3,252,12,24.020011998800328,23.211959000036586,0,0,17
6,3,252,12,850.807069999064,763.9499359993351,0,0,690
4,4,252,12,1.5960670007189037,0.7526199997300864,0,0,24
5,4,252,12,33.284584999819344,31.93596599976445,0,0,17
6,4,252,12,454.9917650074349,408.3824540120986,0,0,690
4,5,252,12,1.5510619996348396,0.7274560002770158,0,0,24
5,5,252,12,24.518979000276886,23.67807300106506,0,0,17
6,5,252,12,534.7353319666581,440.9000369705609,0,0,690
4,6,252,12,17.211051999765914,33.97331399992254,0,0,24
5,6,252,12,263.91034399966884,265.7092899999043,0,0,17
6,6,252,12,1866.5090630229315,1825.5079030186607,0,0,691
4,7,252,12,1.6955199998847093,0.8771359998718253,0,0,24
5,7,252,12,25.679846000457474,24.80428800026857,0,0,17
6,7,252,12,362.3786130192457,322.9306230205111,0,0,691
4,8,252,12,1.552685000206111,0.7330730004468933,0,0,24
5,8,252,12,24.377880999963963,23.5390620000544,0,0,17
6,8,252,12,350.67125499517715,297.6787659972615,0,0,691
4,9,252,12,10.511533000681084,6.104936000156158,0,0,24
5,9,252,12,331.25014400047803,329.0054589997453,0,0,17
6,9,252,12,2871.457161008948,2730.6427780113154,0,0,692
4,10,252,12,1.519483000265609,0.7283069999175495,0,0,24
5,10,252,12,23.865672000283666,23.072603000400704,0,0,17
6,10,252,12,389.83743696462625,345.36662496702775,0,0,693
4,11,252,12,1.5486849997614627,0.7341300006373785,0,0,24
5,11,252,12,23.753272000249126,22.876069000631105,0,0,17
6,11,252,12,644.2821129912772,526.633707988367,0,0,694
4,12,252,12,4.489724999984901,1.3183940000089933,0,0,24
5,12,252,12,131.2339059995793,138.14852999985305,0,0,17
6,12,252,12,2522.890381983416,2207.4923819900505,0,0,694
4,13,252,12,13.046258999565907,1.3537949998863041,0,0,24
5,13,252,12,390.6199530001686,342.71618200000376,0,0,17
6,13,252,12,1237.3363660144605,1167.4870230108354,0,0,694
4,14,252,12,1.5594759997838992,0.7410709995383513,0,0,24
5,14,252,12,23.655510999560647,22.924588000023505,0,0,17
6,14,252,12,677.466800005277,516.5304850015673,0,0,694
4,15,252,12,1.8577610007923795,1.7268660003537661,0,0,24
5,15,252,12,25.248520999411994,24.418500999672688,0,0,17
6,15,252,12,406.02699398459663,313.9814689893683,0,0,694
4,16,252,12,1.5493399996557855,0.7295440000234521,0,0,24
5,16,252,12,23.599313000886468,22.765095000977453,0,0,17
6,16,252,12,467.5937609799803,342.2219589829183,0,0,694
4,17,252,12,4.874279999967257,81.9494899997153,0,0,24
5,17,252,12,486.57113300032506,426.1271269997451,0,0,17
6,17,252,12,3856.408780019592,3650.6579350188986,0,0,695
4,18,252,12,1.6147050000654417,0.8178549996955553,0,0,24
5,18,252,12,23.92158299971925,23.069875999681244,0,0,17
6,18,252,12,393.0778849808121,341.06890197926987,0,0,695
4,19,252,12,1.6087690000858856,0.7391680001092027,0,0,24
5,19,252,12,24.057409999841184,23.22130999982619,0,0,17
6,19,252,12,468.93359498062637,411.5001719801512,0,0,696
4,20,252,12,1.5613929999744869,0.7575159997941228,0,0,24
5,20,252,12,24.037846000283025,23.171044000264374,0,0,17
6,20,252,12,375.1421760343874,325.95242303523264,0,0,696
4,21,252,12,2.4314950005646097,0.8615779997853679,0,0,24
5,21,252,12,24.388992999774928,23.50279199981742,0,0,17
6,21,252,12,359.29738702725444,331.7362250318183,0,0,696
4,22,252,12,1.4630449995820527,0.7553420000476763,0,0,24
5,22,252,12,151.95404600035545,121.49756999951933,0,0,17
6,22,252,12,1097.9081030063753,1040.8410880027077,0,0,696
4,23,252,12,1.667095000811969,0.7928979994176188,0,0,24
5,23,252,12,23.770093000166526,22.91891000004398,0,0,17
6,23,252,12,396.5236789836126,349.4411489873528,0,0,696
4,24,252,12,1.8932230004793382,0.9155049992841668,0,0,24
5,24,252,12,24.48678799919435,23.55652999904123,0,0,17
6,24,252,12,317.572764034594,279.67240103225777,0,0,696
4,25,252,12,1.586430000315886,0.7836830000087502,0,0,24
5,25,252,12,24.00923199911631,23.146198999711487,0,0,17
6,25,252,12,469.06445201693714,411.5702290146146,0,0,698
4,26,252,12,1.6452800000479328,0.7522360001530615,0,0,24
5,26,252,12,23.308171999815386,22.580808000384422,0,0,17
6,26,252,12,692.7198680014044,653.8278160041955,0,0,699
4,27,252,12,1.81747699934931,0.8134729996527312,0,0,24
6,27,252,12,423.07116099891573,372.08627899872226,0,0,699
4,28,252,12,2.5150239998765755,1.2936350003656116,0,0,24
5,28,252,12,47.931246000189276,46.35800500000187,0,0,17
6,28,252,12,352.3858329981522,310.1660649990663,0,0,699
4,29,252,12,2.7707660001397016,1.550298000438488,0,0,24
5,29,252,12,37.21943300024577,36.20742900056939,0,0,17
6,29,252,12,325.45661798667425,290.6006779849122,0,0,699
4,30,252,12,2.06651500047883,1.1153959994771867,0,0,24
5,30,252,12,42.96674099896336,41.23381999943376,0,0,17
6,30,252,12,387.6897349855426,349.29274598744087,0,0,700
4,31,252,12,1.6430640007456532,0.7322410001506796,0,0,24
5,31,252,12,23.704819999693427,22.846710000521853,0,0,17
6,31,252,12,405.9072210020531,361.47295200316876,0,0,700
4,32,252,12,1.6647099992042058,0.7305789995371015,0,0,24
5,32,252,12,25.69042499999341,24.87616500002332,0,0,17
6,32,252,12,375.6490490268334,329.4164650305902,0,0,700
4,33,252,12,1.5784819997861632,0.814672000160499,0,0,24
5,33,252,12,23.91365100083931,23.139179999816406,0,0,17
6,33,252,12,591.4835639960074,540.7079960023111,0,0,700
4,34,252,12,63.09220300045126,2.8424390002328437,0,0,24
5,34,252,12,51.19313999966835,49.902197999472264,0,0,17
6,34,252,12,533.3518690104029,487.8424780099522,0,0,700
4,35,252,12,1.5059679999467335,0.7280480003828416,0,0,24
5,35,252,12,36.33557800003473,33.05690300021524,0,0,17
6,35,252,12,427.24989502130484,387.49923502291495,0,0,700
4,36,252,12,1.4772710001125233,0.7597710000482039,0,0,24
5,36,252,12,23.29086399913649,22.573443999135634,0,0,17
6,36,252,12,720.7406319685106,510.9439629732151,0,0,700
4,37,252,12,2.3843429999033106,1.1767740006689564,0,0,24
5,37,252,12,141.89455799987627,145.56436099974235,0,0,17
6,37,252,12,1893.8017569753356,1712.5317379741318,0,0,700
4,38,252,12,1.598598999407841,0.8050510004977696,0,0,24
5,38,252,12,25.457041000663594,24.692588000107207,0,0,17
6,38,252,12,540.7883500138269,532.6319630121361,0,0,700
4,39,252,12,7.960111999636865,9.605878000002122,0,0,24
5,39,252,12,107.6117049997265,105.8132559992373,0,0,17
6,39,252,12,611.1728840032811,564.0953120037011,0,0,701
4,40,252,12,2.5213569997504237,11.489644999528537,0,0,24
5,40,252,12,170.5697000006694,165.37149700070586,0,0,17
6,40,252,12,950.3469869996479,905.2765970018299,0,0,701
4,41,252,12,3.282463999312313,1.7009879993565846,0,0,24
5,41,252,12,48.4914700000445,46.66726400046173,0,0,17
6,41,252,12,495.20446300084586,430.91798599562026,0,0,701
4,42,252,12,1.5923379996820586,0.7315900002140552,0,0,24
5,42,252,12,23.410192999108403,22.570909000023676,0,0,17
6,42,252,12,660.4234499900485,408.3622169937371,0,0,702
4,43,252,12,1.5441479999935837,0.7898789999671862,0,0,24
6,43,252,12,447.1322319814135,463.5233549770419,0,0,702
4,44,252,12,1.5929119999782415,0.8365009998669848,0,0,24
5,44,252,12,23.916494000332023,23.06176699948992,0,0,17
6,44,252,12,913.6868540190335,707.2170920246208,0,0,702
5,45,252,12,60.36752099953446,57.83099600012065,0,0,17
6,45,252,12,1187.5432460155935,1138.9866550207444,0,0,702
4,46,252,12,1.8482839996067923,0.9357459994134842,0,0,25
5,46,252,12,28.928871999596595,28.077088999452826,0,0,17
6,46,252,12,526.3039250348811,478.74923103518086,0,0,702
4,47,252,12,1.485957000113558,0.7535490003647283,0,0,25
5,47,252,12,23.623040000529727,22.864303999085678,0,0,17
6,47,252,12,360.45613000260346,314.52641199939535,0,0,702
4,48,252,12,1.866339000116568,0.8211650001612725,0,0,25
5,48,252,12,24.08535599897732,23.221297999953094,0,0,17
6,48,252,12,323.5515170272265,285.8464780247232,0,0,702
4,49,252,12,1.6551809994780342,0.8135429998219479,0,0,25
5,49,252,12,25.686431000394805,24.847313000464055,0,0,17
6,49,252,12,384.8593739876378,334.0538239917805,0,0,702
4,50,252,12,1.5628349992766744,0.7433769997078343,0,0,25
5,50,252,12,25.69739699993079,24.93761599998834,0,0,17
6,50,252,12,539.5650429954912,400.36236399100744,0,0,702
4,51,252,12,3.1126009998843074,1.446203999876161,0,0,25
5,51,252,12,82.20152400008374,108.18297500009066,0,0,17
6,51,252,12,476.7818250356868,433.7471380295028,0,0,702
4,52,252,12,3.389930000594177,1.6190269998332951,0,0,25
5,52,252,12,43.37840099924506,42.48208599892678,0,0,17
6,52,252,12,364.37502300123015,326.2986570043722,0,0,702
4,53,252,12,1.504930000010063,0.714021000021603,0,0,25
5,53,252,12,23.26427999923908,22.46935699986352,0,0,17
6,53,252,12,381.3433990126214,329.94669900836016,0,0,702
4,54,252,12,2.001107000069169,1.0088870003528427,0,0,25
5,54,252,12,29.287753000062366,28.314921999481157,0,0,17
6,54,252,12,383.6922870004855,388.9558489963747,0,0,702
4,55,252,12,2.511921999939659,1.235115999406844,0,0,25
5,55,252,12,148.59762299875,144.23349499975302,0,0,17
6,55,252,12,2628.173160962433,2554.8358989599365,0,0,704
4,56,252,12,1.5572360007354291,0.7428560002153972,0,0,25
5,56,252,12,23.372320000817126,22.526972999912687,0,0,17
6,56,252,12,651.0549609984082,572.7286199944501,0,0,705
4,57,252,12,1.5790580000611953,0.7483290000891429,0,0,25
5,57,252,12,23.11814799941203,22.332889999233885,0,0,17
6,57,252,12,332.4390170182596,280.0816750177546,0,0,705
4,58,252,12,1.8124110001735971,0.9060229995156988,0,0,25
5,58,252,12,35.344873999747506,31.988291999368812,0,0,17
6,58,252,12,451.85655701789074,405.97877401705773,0,0,705
4,59,252,12,1.6013679996831343,0.770861000091827,0,0,25
5,59,252,12,24.425602000519575,23.56764900014241,0,0,17
6,59,252,12,329.50780099963595,294.37513900211343,0,0,705
4,60,252,12,1.5599800008203601,0.7319679998545325,0,0,25
5,60,252,12,23.37810700009868,22.573297999770148,0,0,17
6,60,252,12,285.7172549911411,251.7437179949411,0,0,705
4,61,252,12,1.5700490002927836,0.7483010003852542,0,0,25
6,61,252,12,300.21549897719524,260.81076197806397,0,0,705
4,62,252,12,1.6218060000028345,0.7140640000216081,0,0,25
5,62,252,12,23.247584001182986,22.51989600063098,0,0,18
6,62,252,12,346.5697040046507,303.08490600236837,0,0,705
4,63,252,12,1.586144999237149,0.8132989996738615,0,0,25
5,63,252,12,23.20824099933816,22.320716999274737,0,0,18
6,63,252,12,422.7171059965258,370.2767699978722,0,0,706
4,64,252,12,3.7251420008033165,1.2466400003177114,0,0,25
5,64,252,12,54.12329099999624,52.412167000511545,0,0,18
6,64,252,12,323.7494170161881,283.6112460172444,0,0,706
4,65,252,12,1.5242780000335188,0.7497789993067272,0,0,25
5,65,252,12,24.708504999580327,23.856381999394216,0,0,18
6,65,252,12,404.41838500191807,347.00607800186845,0,0,706
4,66,252,12,1.9733170001927647,0.9164720004264382,0,0,25
5,66,252,12,23.851749000641576,23.036614999909943,0,0,18
6,66,252,12,888.25595203798,566.5875990389395,0,0,706
4,67,252,12,2.113151000230573,0.9686339999461779,0,0,25
5,67,252,12,31.153887000073155,30.192719000297075,0,0,18
6,67,252,12,771.0588690015356,406.38815500278724,0,0,706
4,68,252,12,2.3521319999417756,6.684605000373267,0,0,25
5,68,252,12,125.11914799961232,84.94832499945915,0,0,18
6,68,252,12,1920.1022760198612,1887.7448350231134,0,0,706
4,69,252,12,4.748067000036826,2.0327209995230078,0,0,25
5,69,252,12,45.1995249995889,39.26610399958008,0,0,18
6,69,252,12,352.28671400000167,311.63077000201156,0,0,706
4,70,252,12,1.6949600003499654,0.7527980005761492,0,0,25
5,70,252,12,23.58833699963725,22.741720999874815,0,0,18
6,70,252,12,1286.2259319817895,821.1737859828645,0,0,706
4,71,252,12,3.1144599997787736,1.27201299983426,0,0,25
6,71,252,12,2477.923109983749,2367.8919769854474,0,0,707
4,72,252,12,1.691897999990033,0.7825289994798368,0,0,25
5,72,252,12,25.757641999916814,24.90530500017485,0,0,19
6,72,252,12,298.8485749801839,267.3994799833963,0,0,708
4,73,252,12,1.5042980003272532,0.7490660000257776,0,0,25
5,73,252,12,23.578583000016806,22.85251099965535,0,0,19
6,73,252,12,589.6117609718203,542.2467749749558,0,0,708
4,74,252,12,1.5549240006293985,0.7439310002155253,0,0,25
5,74,252,12,23.7256479995267,22.927345000425703,0,0,19
6,74,252,12,391.53533001444885,397.5353960158827,0,0,708
4,75,252,12,1.6587560003245017,0.7787959993947879,0,0,25
5,75,252,12,24.17149699977017,23.297609000110242,0,0,19
6,75,252,12,480.9535259973927,442.2690099981992,0,0,708
4,76,252,12,2.922345000115456,1.435217999642191,0,0,25
5,76,252,12,461.67573099955916,452.2953929999858,0,0,19
6,76,252,12,2990.469132969338,2697.908586970698,0,0,708
4,77,252,12,36.792310000237194,1.1557289999473142,0,0,25
5,77,252,12,202.69926099990698,230.71638000055827,0,0,19
6,77,252,12,1882.2395179859086,1844.4082999858438,0,0,708
4,78,252,12,1.5133090000745142,0.728603999959887,0,0,25
5,78,252,12,24.027779999414633,23.223634999339993,0,0,19
6,78,252,12,371.55911699483113,337.74110899503285,0,0,708
4,79,252,12,1.5374899994640145,0.7864810004321043,0,0,25
5,79,252,12,22.903447999851778,22.091255999839632,0,0,19
6,79,252,12,401.81749100247544,356.3823880012933,0,0,708
4,80,252,12,1.5470540001842892,0.7171000006565009,0,0,25
5,80,252,12,25.52464400014287,24.28756399967824,0,0,19
6,80,252,12,374.3173050097539,333.1217900085903,0,0,708
4,81,252,12,1.622615000087535,0.7555510001111543,0,0,25
5,81,252,12,24.113890000080573,23.279445999833115,0,0,19
6,81,252,12,527.7022749742173,486.6714069776208,0,0,708
4,82,252,12,1.615373999811709,0.8017130003281636,0,0,25
5,82,252,12,23.643876999813074,22.84414200039464,0,0,19
6,82,252,12,416.534404000231,368.01970699798403,0,0,710
4,83,252,12,1.5425399997184286,0.7396860000881134,0,0,25
5,83,252,12,24.613804999717104,23.802435999641602,0,0,19
6,83,252,12,282.6224329910474,244.98582498563337,0,0,710
4,84,252,12,1.5252719995260122,0.7669400001759641,0,0,25
5,84,252,12,23.98082899981091,23.212420999698224,0,0,19
6,84,252,12,414.550905017677,358.8660020213865,0,0,710
4,85,252,12,1.5764059999128222,0.7691219998378074,0,0,25
5,85,252,12,23.886993999440165,23.062997999659274,0,0,19
6,85,252,12,577.7941689611907,485.9611159636188,0,0,710
4,86,252,12,1.8449199997121468,0.8921510006985045,0,0,25
5,86,252,12,29.224316999716393,28.142633000243222,0,0,19
6,86,252,12,634.1424480060596,414.4338950045494,0,0,710
4,87,252,12,27.066662999459368,2.3055250003380934,0,0,25
5,87,252,12,85.99602600042999,84.71247000034055,0,0,19
6,87,252,12,574.6292870026082,528.1864969992967,0,0,710
4,88,252,12,1.533075000224926,0.7508979997510323,0,0,25
5,88,252,12,23.52847199927055,22.70276899980672,0,0,19
6,88,252,12,1027.2849989742099,617.5779129816874,0,0,710
4,89,252,12,2.520054999877175,1.1838529999295133,0,0,25
5,89,252,12,296.88603799968405,292.26222499983123,0,0,19
6,89,252,12,1295.660297003451,1256.5134559981743,0,0,710
4,90,252,12,1.6066289999798755,0.7645509995199973,0,0,25
5,90,252,12,25.27960399947915,24.428986000202713,0,0,19
6,90,252,12,674.9875029918257,536.3309389940696,0,0,710
4,91,252,12,1.607979999789677,0.7183119996625464,0,0,25
5,91,252,12,23.83794600063993,22.983288000432367,0,0,19
6,91,252,12,475.71811498710304,320.2406749833244,0,0,710
4,92,252,12,1.568896000208042,0.7540110000263667,0,0,25
5,92,252,12,23.649592999390734,22.87380699908681,0,0,19
6,92,252,12,1383.1966590205411,1241.558462019384,0,0,710
4,93,252,12,2.167953999560268,1.129764999859617,0,0,25
5,93,252,12,51.08422099874588,49.9339729994972,0,0,19
6,93,252,12,1360.281592019419,940.9607420193424,0,0,710
4,94,252,12,6.093412000154785,3.0694810002387385,0,0,25
5,94,252,12,588.7958700004674,563.817141999607,0,0,19
6,94,252,12,4307.18697598968,4132.8017769938015,0,0,710
4,95,252,12,1.714024000648351,0.9706239998195088,0,0,25
5,95,252,12,29.20274400003109,28.13740500005224,0,0,19
6,95,252,12,445.3742880086793,397.26597900789784,0,0,710
4,96,252,12,1.7880460000014864,0.8805020006548148,0,0,25
5,96,252,12,26.462132999768073,25.7857310007239,0,0,19
6,96,252,12,423.7692940105262,371.88959401009924,0,0,710
4,97,252,12,1.9893480002792785,0.9010419998958241,0,0,25
5,97,252,12,27.04037900093681,25.99499999996624,0,0,19
6,97,252,12,434.8157230124343,383.3738360062853,0,0,710
4,98,252,12,1.6684050006006146,0.85924600080034,0,0,25
5,98,252,12,28.070373999071307,27.02358199894661,0,0,19
6,98,252,12,413.2556820341051,362.1543430353995,0,0,710
4,99,252,12,1.5762199991513626,0.9691469995232183,0,0,25
5,99,252,12,26.83334299854323,25.965941998947528,0,0,19
6,99,252,12,478.83683701365953,414.10069601806754,0,0,710
